,dateCrawled,name,seller,offerType,price,abtest,vehicleType,yearOfRegistration,gearbox,powerPS,model,kilometer,monthOfRegistration,fuelType,brand,notRepairedDamage,dateCreated,nrOfPictures,postalCode,lastSeen
38848,2016-03-29 23:53:33,Polo_6n_Ohne_TÜV_abzugeben,privat,Angebot,150,control,,1995,manuell,45,polo,150000,0,,volkswagen,nein,2016-03-29 00:00:00,0,38110,2016-04-06 21:45:50
146368,2016-03-10 17:53:46,BMW_114i,privat,Angebot,14300,control,limousine,2013,manuell,102,1er,40000,1,benzin,bmw,nein,2016-03-10 00:00:00,0,45894,2016-04-05 19:45:56
146263,2016-03-20 18:50:56,Volkswagen_Golf_1.4,privat,Angebot,1999,test,limousine,1999,manuell,75,golf,150000,3,benzin,volkswagen,nein,2016-03-20 00:00:00,0,24109,2016-03-28 20:16:52
191313,2016-03-07 19:38:14,VW_Golf_3_GT__1_8L__90_PS_4_tuerig__Tuev_03/2017__AHK__Euro_2,privat,Angebot,650,control,limousine,1995,manuell,90,golf,150000,6,benzin,volkswagen,nein,2016-03-07 00:00:00,0,37186,2016-03-08 11:46:01
116063,2016-03-22 16:55:27,Peugeot_J_5_TD_1400,privat,Angebot,6950,test,bus,1990,manuell,95,andere,150000,7,diesel,peugeot,nein,2016-03-22 00:00:00,0,51429,2016-04-04 07:46:38
171478,2016-03-11 11:56:44,Opel_Astra_1.4Turbo_Innovation_Navi_Xenon_Parkpiloten,privat,Angebot,10700,control,limousine,2010,manuell,140,astra,40000,9,benzin,opel,nein,2016-03-11 00:00:00,0,14974,2016-04-07 03:46:14
191658,2016-03-27 19:56:31,Opel_Astra_H_1_7_CDTI_Top_Zustand_+_NAVI,privat,Angebot,2900,control,kombi,2004,manuell,80,astra,150000,12,,opel,nein,2016-03-27 00:00:00,0,87700,2016-04-05 18:45:55
95508,2016-03-28 20:49:19,Mercedes_Benz_E_200_Kompressor_AHK_Klima_Schiebedach...,privat,Angebot,3550,control,limousine,2001,manuell,163,e_klasse,150000,8,benzin,mercedes_benz,nein,2016-03-28 00:00:00,0,49624,2016-04-07 03:44:32
102990,2016-04-05 10:58:12,Skoda_Superb_Combi_2.0_TDI_DSG_Scheckheft,privat,Angebot,14500,control,kombi,2010,automatik,170,superb,150000,2,diesel,skoda,ja,2016-04-05 00:00:00,0,41179,2016-04-05 11:46:05
334095,2016-03-29 08:53:08,BMW_Z4,privat,Angebot,10800,control,cabrio,2002,manuell,192,z_reihe,100000,11,benzin,bmw,nein,2016-03-29 00:00:00,0,74889,2016-04-05 19:16:23
8646,2016-03-25 15:53:32,Opel_Corsa_1_0,privat,Angebot,3500,test,kleinwagen,2007,manuell,60,corsa,60000,11,benzin,opel,nein,2016-03-25 00:00:00,0,24848,2016-03-30 06:18:31
184517,2016-03-27 23:55:37,Hyundai_Atos_Prime_1.0i_GLS_mit_Faltdach_Tuev_NEU,privat,Angebot,1650,test,kleinwagen,2002,manuell,58,andere,125000,2,benzin,hyundai,nein,2016-03-27 00:00:00,0,46147,2016-04-06 09:16:12
187376,2016-03-21 08:55:08,Bmw_325i_Cabrio,privat,Angebot,6500,control,cabrio,2002,manuell,192,3er,150000,5,benzin,bmw,nein,2016-03-21 00:00:00,0,66679,2016-04-06 02:45:24
22463,2016-03-24 21:39:11,Renault_Megane_Grandtour_1.6_Privilege_16V,privat,Angebot,750,test,kombi,2001,manuell,107,megane,150000,7,benzin,renault,nein,2016-03-23 00:00:00,0,55129,2016-04-04 18:46:55
224148,2016-04-04 14:25:16,Bmw_530_diesel,privat,Angebot,6900,test,,2016,automatik,218,,150000,3,,bmw,,2016-04-04 00:00:00,0,65205,2016-04-05 12:16:48
159068,2016-03-14 15:57:05,Mercedes_Benz_E200_Elegance,privat,Angebot,1200,control,limousine,1999,automatik,0,e_klasse,150000,1,benzin,mercedes_benz,ja,2016-03-14 00:00:00,0,45770,2016-03-16 06:16:59
267169,2016-03-08 21:39:21,AUDI_A6_LIMUSINE_DIESEL_TÜV_9.17_TOP,privat,Angebot,1800,control,limousine,1998,automatik,150,a6,150000,9,diesel,audi,nein,2016-03-08 00:00:00,0,26810,2016-03-08 21:39:21
366704,2016-03-13 18:53:06,Skoda_Fabia_1.4_16V_Elegance,privat,Angebot,1649,test,kleinwagen,2001,manuell,101,fabia,150000,7,benzin,skoda,nein,2016-03-13 00:00:00,0,88048,2016-03-13 18:53:06
188758,2016-04-01 07:01:13,Skoda_Fabia_1_4_16V,privat,Angebot,2100,test,kombi,2003,manuell,75,fabia,150000,9,benzin,skoda,nein,2016-04-01 00:00:00,0,46562,2016-04-07 06:15:29
273899,2016-03-17 18:47:37,Renault_Grand_Scenic_dCi_130_FAP_Dynamique,privat,Angebot,9500,control,bus,2011,manuell,131,andere,125000,1,diesel,renault,nein,2016-03-17 00:00:00,0,32120,2016-04-05 03:18:22
96235,2016-04-01 22:49:02,BMW_316i_mit_TÜV,privat,Angebot,499,test,limousine,1995,manuell,0,3er,150000,5,benzin,bmw,,2016-04-01 00:00:00,0,67574,2016-04-05 21:45:03
14438,2016-03-21 18:38:00,Mazda_6_2.0_Sport_CD_DPF_Exclusive_Xenon_Temp_Navi_TOP,privat,Angebot,3700,test,limousine,2007,manuell,143,6_reihe,150000,9,diesel,mazda,nein,2016-03-21 00:00:00,0,86983,2016-04-04 17:47:29
203718,2016-03-29 02:32:42,Opel_Corsa_B,privat,Angebot,950,control,kleinwagen,1998,manuell,54,corsa,150000,8,benzin,opel,nein,2016-03-29 00:00:00,0,65203,2016-03-30 14:34:22
201766,2016-04-04 14:48:14,Kia_pro_Ceed_1.6_GDI_Edition_7,privat,Angebot,12499,test,limousine,2014,manuell,135,ceed,30000,3,benzin,kia,nein,2016-04-04 00:00:00,0,68161,2016-04-06 16:17:18
197933,2016-04-04 16:53:40,Fotd_Fiesta,privat,Angebot,8500,test,kleinwagen,2011,,82,fiesta,40000,10,benzin,ford,nein,2016-04-04 00:00:00,0,21255,2016-04-06 18:46:41
208659,2016-04-03 22:49:31,Audi_A4_Avant_1_8_TAutomatik_Som_&_win_NEU_mit_ALUFELGEN,privat,Angebot,3300,control,kombi,2002,automatik,0,a4,150000,0,benzin,audi,nein,2016-04-03 00:00:00,0,36266,2016-04-06 00:45:15
86696,2016-04-03 12:53:32,BMW_Z4_roadster_2.2i,privat,Angebot,9900,control,cabrio,2005,manuell,170,z_reihe,100000,4,benzin,bmw,nein,2016-04-03 00:00:00,0,26802,2016-04-05 11:45:29
316185,2016-03-10 16:44:27,Opel_Adam_1.4_Slam,privat,Angebot,14900,control,kleinwagen,2014,manuell,87,andere,30000,12,benzin,opel,nein,2016-03-10 00:00:00,0,89537,2016-03-23 14:15:59
259943,2016-04-04 15:53:49,Ford_Escort,privat,Angebot,500,test,kleinwagen,1996,manuell,0,escort,80000,0,benzin,ford,,2016-04-04 00:00:00,0,45883,2016-04-04 15:53:49
357528,2016-04-03 23:56:51,Audi_A4_3.0_Quattro_Pdf,privat,Angebot,8550,control,limousine,2007,automatik,232,a4,150000,8,diesel,audi,nein,2016-04-03 00:00:00,0,13355,2016-04-06 08:16:16
70896,2016-03-19 14:43:47,Mercedes_Benz_CLK_Coupe_280_7G_TRONIC_Avantgarde,privat,Angebot,13900,test,coupe,2006,automatik,231,clk,150000,8,benzin,mercedes_benz,nein,2016-03-19 00:00:00,0,54636,2016-04-06 21:18:33
304053,2016-03-14 16:53:55,Toyota_Corolla_Verso_1.8_Team_/_Sehr_gepflegt_!!,privat,Angebot,7950,test,bus,2008,manuell,129,verso,80000,3,benzin,toyota,nein,2016-03-14 00:00:00,0,10117,2016-03-20 06:15:36
217736,2016-03-19 21:36:20,Opel_Corsa_12V,privat,Angebot,800,control,kleinwagen,1999,manuell,54,corsa,150000,2,benzin,opel,nein,2016-03-19 00:00:00,0,68309,2016-03-19 23:43:34
367588,2016-03-05 16:55:27,Toyota_Yaris_Sol_1_3l__87_PS,privat,Angebot,3850,control,kleinwagen,2007,manuell,87,yaris,125000,10,benzin,toyota,nein,2016-03-05 00:00:00,0,24955,2016-03-12 04:46:56
277604,2016-03-30 20:48:07,Audi_A6_2.4_Automatik_Voll_Ausstattung_TÜV_Jun16,privat,Angebot,1450,control,limousine,1999,automatik,165,a6,150000,6,benzin,audi,nein,2016-03-30 00:00:00,0,27374,2016-04-05 10:47:20
95040,2016-03-28 04:36:24,BMW_320i_touring,privat,Angebot,700,control,kombi,1999,manuell,150,3er,150000,6,benzin,bmw,nein,2016-03-28 00:00:00,0,87700,2016-04-06 10:46:41
161791,2016-03-31 22:56:32,Suche_zuverlaessigen_VW_Touran,privat,Angebot,5000,test,,2007,,0,touran,5000,1,diesel,volkswagen,nein,2016-03-31 00:00:00,0,58636,2016-04-02 20:15:50
69127,2016-03-29 14:50:35,SUV_Nissan_Navara_2_5_Diesel_Gruene_Plakette_Tausch_Moeglich,privat,Angebot,0,test,suv,2006,manuell,0,navara,150000,12,diesel,nissan,nein,2016-03-29 00:00:00,0,3042,2016-03-29 14:50:35
349469,2016-03-23 16:54:17,Kia_Carnival_HPDi_top_Zustand_TÜV_neu,privat,Angebot,2000,test,bus,2002,manuell,144,carnival,150000,5,diesel,kia,nein,2016-03-23 00:00:00,0,59929,2016-04-05 21:46:05
361835,2016-03-16 18:56:25,BMW_E30_316i_2_Hand_Diamantschwarz,privat,Angebot,800,control,limousine,1989,manuell,104,3er,150000,0,,bmw,,2016-03-16 00:00:00,0,15838,2016-03-20 19:19:45
290335,2016-03-14 19:42:55,BMW_520i._E39,privat,Angebot,1200,control,limousine,1998,manuell,150,5er,150000,6,benzin,bmw,nein,2016-03-14 00:00:00,0,52076,2016-03-17 09:15:56
89306,2016-03-21 01:36:20,Fiat_Panda_1.2_Active_***VB***,privat,Angebot,6699,test,kleinwagen,2012,manuell,69,panda,10000,12,benzin,fiat,nein,2016-03-21 00:00:00,0,8529,2016-04-05 23:45:05
14571,2016-03-27 15:37:02,Audi_A3_2.0_TDI_S_Line_Sportpaket_plus,privat,Angebot,3087,control,kombi,2005,manuell,140,a3,150000,6,diesel,audi,nein,2016-03-27 00:00:00,0,76646,2016-03-27 15:37:02
59416,2016-03-23 18:51:47,BMW_523i_Aut.,privat,Angebot,9950,test,limousine,2006,automatik,177,5er,150000,12,benzin,bmw,nein,2016-03-23 00:00:00,0,33790,2016-04-05 23:45:44
211007,2016-04-01 07:58:51,Mercedes_Benz_C_200_Kompressor_Automatik,privat,Angebot,10500,test,limousine,2007,automatik,184,c_klasse,100000,8,benzin,mercedes_benz,nein,2016-04-01 00:00:00,0,50737,2016-04-07 05:44:39
4532,2016-04-04 10:50:14,BMW_118d___DVD_Navi___Leder___Service&Reifen&TÜV_NEU,privat,Angebot,16900,control,cabrio,2009,manuell,143,1er,90000,2,diesel,bmw,nein,2016-04-04 00:00:00,0,22397,2016-04-06 12:17:47
113601,2016-03-13 16:42:26,Ford_Transit_350_L_TD_125T300_Hoch+Lang,privat,Angebot,2150,test,bus,2003,manuell,125,transit,150000,5,diesel,ford,ja,2016-03-13 00:00:00,0,46238,2016-04-06 17:45:28
220566,2016-03-28 16:50:37,Z3_1_9_Cabrio_M3_Optik,privat,Angebot,5500,test,,2017,manuell,118,z_reihe,150000,6,,bmw,nein,2016-03-28 00:00:00,0,88213,2016-04-06 22:17:40
83041,2016-03-05 16:47:34,Ford_Fiesta_1.6_TDCi_Econetic,privat,Angebot,5800,control,kleinwagen,2009,manuell,90,fiesta,100000,4,diesel,ford,nein,2016-03-05 00:00:00,0,14476,2016-03-12 03:45:13
172258,2016-03-21 08:55:45,Volkswagen_Passat_2.8_VR6_Exclusiv,privat,Angebot,750,control,limousine,1996,automatik,174,passat,150000,6,benzin,volkswagen,nein,2016-03-21 00:00:00,0,39365,2016-03-28 02:17:54
368636,2016-03-11 15:57:28,OPEL_Meriva_2007_92000km_TÜV_neu,privat,Angebot,5000,test,kombi,2007,manuell,0,meriva,100000,0,benzin,opel,nein,2016-03-11 00:00:00,0,96465,2016-04-05 12:47:41
293238,2016-03-17 21:44:54,Peugeot_106_zu_verkaufen,privat,Angebot,700,test,,2005,,0,,150000,0,benzin,peugeot,,2016-03-17 00:00:00,0,66589,2016-04-07 11:17:02
303992,2016-03-19 11:56:30,Mercedes_E270_CDI_Vollaustattung_TÜV_neu,privat,Angebot,5300,test,limousine,2003,automatik,0,e_klasse,150000,7,diesel,mercedes_benz,,2016-03-19 00:00:00,0,40699,2016-03-20 13:45:27
345157,2016-03-28 19:55:02,BMW_520i_E34__24V_Executive__TÜV_10/16_Euro2__2_Vorb.,privat,Angebot,1700,control,limousine,1994,manuell,150,5er,150000,3,benzin,bmw,nein,2016-03-28 00:00:00,0,38300,2016-04-01 05:18:02
37885,2016-03-11 15:37:46,Audi_A4_Avant_2.0_TDI_Ambition_/Navi/_BiXenon/Sports.,privat,Angebot,13790,test,kombi,2011,manuell,143,a4,150000,1,diesel,audi,nein,2016-03-11 00:00:00,0,64404,2016-04-03 12:54:55
88680,2016-03-30 20:41:32,VW_PASSAT_1.8i_20V*LEDER*GEPFLEGT_INNEN_AUssEN*DEZENT*,privat,Angebot,2500,control,kombi,1998,manuell,125,passat,150000,7,benzin,volkswagen,nein,2016-03-30 00:00:00,0,7318,2016-04-03 11:45:29
208556,2016-03-21 01:57:30,Mercedes_E_280CDI_unfall,privat,Angebot,5500,test,limousine,2005,manuell,120,e_klasse,150000,10,diesel,mercedes_benz,ja,2016-03-21 00:00:00,0,51399,2016-04-05 22:45:38
170642,2016-03-29 10:48:41,Mercedes_Benz_A170_Elegance_Autotronic_Benzin,privat,Angebot,3999,control,bus,2005,automatik,116,a_klasse,125000,3,benzin,mercedes_benz,,2016-03-29 00:00:00,0,77933,2016-03-29 10:48:41
309933,2016-04-02 12:49:04,Peugeot_307_SW_2.0_HDi_TÜV_April_2018__Vollausstattung,privat,Angebot,4990,test,kombi,2006,manuell,136,3_reihe,150000,11,diesel,peugeot,nein,2016-04-02 00:00:00,0,21684,2016-04-06 10:46:54
154010,2016-03-22 16:56:02,Volkswagen_Golf_1.9_TDI_Joker,privat,Angebot,899,test,limousine,1997,manuell,90,golf,150000,1,diesel,volkswagen,ja,2016-03-22 00:00:00,0,37633,2016-04-06 08:17:42
155744,2016-03-05 17:56:05,Audi_A4_Ambiente_multitronic,privat,Angebot,23800,test,kombi,2013,automatik,170,a4,70000,3,benzin,audi,nein,2016-03-05 00:00:00,0,61191,2016-03-12 20:15:49
9393,2016-03-27 19:46:37,Volkswagen_Golf_2.0_TDI_DPF_Comfortline_119_g,privat,Angebot,9845,control,limousine,2009,manuell,110,golf,150000,8,diesel,volkswagen,nein,2016-03-27 00:00:00,0,6112,2016-04-05 17:45:11
360935,2016-04-05 10:50:27,Piaggio_Porter.._kipper.___Hydraulisch_,privat,Angebot,3199,test,kleinwagen,2004,manuell,0,,70000,10,benzin,sonstige_autos,nein,2016-04-05 00:00:00,0,60435,2016-04-05 12:26:04
213352,2016-03-26 17:46:48,Mercedes_Benz__E__Klasse_190E__Automatik_Benzin_TÜV_bis_2.2017,privat,Angebot,2190,control,limousine,1991,automatik,0,e_klasse,150000,1,benzin,mercedes_benz,nein,2016-03-26 00:00:00,0,25704,2016-04-06 06:45:03
284811,2016-03-16 21:52:49,Audi_a3_s3_1.8_TÜV_07.2017,privat,Angebot,1750,control,kleinwagen,1997,manuell,125,a3,150000,11,benzin,audi,nein,2016-03-16 00:00:00,0,47059,2016-03-30 20:46:10
214161,2016-03-05 18:51:41,Volkswagen_Touran_1.9_TDI,privat,Angebot,4800,test,bus,2006,manuell,105,touran,150000,5,diesel,volkswagen,nein,2016-03-05 00:00:00,0,30539,2016-03-05 21:44:09
184136,2016-03-22 10:43:44,Opel_Insignia_1.6_Turbo_Sports_Tourer_Cosmo,privat,Angebot,7750,control,kombi,2009,manuell,179,insignia,150000,3,benzin,opel,nein,2016-03-22 00:00:00,0,83527,2016-04-03 21:15:59
86174,2016-03-13 13:36:18,Audi_A6_3.0_TDI_S_line_Limousine,privat,Angebot,24800,test,limousine,2012,manuell,204,a6,150000,9,diesel,audi,nein,2016-03-13 00:00:00,0,46236,2016-03-15 17:46:02
128421,2016-04-05 01:47:01,VW_Polo_6n2_****_TÜV_NEU_****_Top_viele_Neuteile,privat,Angebot,2600,control,kleinwagen,2002,manuell,60,polo,150000,2,benzin,volkswagen,nein,2016-04-04 00:00:00,0,12629,2016-04-07 09:15:56
163697,2016-03-29 21:39:54,Anfaenger_Auto,privat,Angebot,300,test,kleinwagen,1995,manuell,40,,100000,0,benzin,fiat,nein,2016-03-29 00:00:00,0,22529,2016-03-29 21:39:54
348359,2016-03-28 10:39:34,Renault_TÜV_12_2017,privat,Angebot,1490,control,kleinwagen,2002,manuell,75,twingo,150000,6,benzin,renault,nein,2016-03-28 00:00:00,0,78549,2016-04-06 11:46:57
366189,2016-03-13 00:56:14,Volkswagen_Golf_Cabrio_1.8_Bon_Jovi,privat,Angebot,1999,control,cabrio,1997,manuell,75,golf,150000,1,benzin,volkswagen,nein,2016-03-13 00:00:00,0,69483,2016-03-30 02:15:24
320088,2016-04-02 19:54:13,Verkaufe_mein_Clk_209,privat,Angebot,0,control,coupe,2005,manuell,218,clk,150000,1,benzin,mercedes_benz,,2016-04-02 00:00:00,0,52134,2016-04-06 20:17:28
281202,2016-04-04 13:48:03,BMW_315,privat,Angebot,6900,control,coupe,1983,,0,3er,125000,10,,bmw,nein,2016-04-04 00:00:00,0,53913,2016-04-06 15:16:18
13992,2016-03-23 12:56:48,Mercedes_Benz_A170_cdi,privat,Angebot,750,control,kleinwagen,2001,manuell,0,,150000,0,,mercedes_benz,,2016-03-23 00:00:00,0,64354,2016-03-23 12:56:48
326923,2016-03-06 16:47:44,Ford_Mondeo_Bastlerfahrzeug_Teiletraeger_Export,privat,Angebot,0,test,limousine,1994,manuell,66,,150000,4,benzin,ford,nein,2016-03-06 00:00:00,0,55595,2016-03-09 15:18:30
185739,2016-03-14 13:38:56,Mercedes_Benz_C_200_Kompressor_Elegance,privat,Angebot,4500,test,limousine,2001,automatik,163,c_klasse,10000,1,benzin,mercedes_benz,nein,2016-03-14 00:00:00,0,64293,2016-04-05 13:46:56
9998,2016-03-28 20:44:11,zu_verkaufen_Audi_A3_8L_Mit_etwas_Tuning,privat,Angebot,1000,control,kleinwagen,1997,manuell,101,a3,150000,7,benzin,audi,ja,2016-03-28 00:00:00,0,41836,2016-04-07 02:47:10
365056,2016-03-20 07:37:03,Pkw__Lkw__Bulli._Bieten_Sie_einfach_mal_Alles.,privat,Angebot,0,control,,1980,,0,1er,150000,3,diesel,bmw,ja,2016-03-20 00:00:00,0,48612,2016-03-20 09:45:26
99814,2016-04-02 08:36:43,RENAULT_CLIO_ll__1.5_cdi,privat,Angebot,500,control,,2005,manuell,0,clio,5000,0,diesel,renault,,2016-04-02 00:00:00,0,23715,2016-04-06 06:15:29
57178,2016-03-25 13:51:21,SEAT_LEON_1.4_TSI_style_Top_Ausstattung,privat,Angebot,9200,test,limousine,2009,manuell,125,leon,100000,11,,seat,nein,2016-03-25 00:00:00,0,46459,2016-04-06 08:45:09
180075,2016-03-29 09:36:55,Golf_3_GTI_20_Jahre_Jubi__kein_VR6_G60_,privat,Angebot,1999,test,,2016,manuell,116,golf,150000,0,,volkswagen,,2016-03-29 00:00:00,0,17091,2016-04-05 17:25:55
213186,2016-03-25 13:51:47,Audi_A4_2.0_TFSI_Ambition_MMI_BIXENON_TEILLEDER_usw,privat,Angebot,12999,test,limousine,2009,manuell,179,a4,150000,1,benzin,audi,nein,2016-03-25 00:00:00,0,27711,2016-03-31 21:17:51
201486,2016-04-04 20:39:11,Audi_A3_1.9_TDI_Attraction,privat,Angebot,3250,control,limousine,2001,manuell,131,a3,150000,2,diesel,audi,nein,2016-04-04 00:00:00,0,74564,2016-04-04 20:39:11
107632,2016-03-11 09:52:10,Vw_golf_3_4_Tueren,privat,Angebot,400,control,,2017,,0,golf,150000,0,benzin,volkswagen,nein,2016-03-11 00:00:00,0,67822,2016-04-06 13:17:08
329692,2016-03-10 17:55:40,Wunderschoenes_BMW_3er_Cabrio,privat,Angebot,5600,control,cabrio,2000,automatik,170,3er,150000,8,benzin,bmw,nein,2016-03-10 00:00:00,0,10557,2016-04-05 19:46:09
244499,2016-04-04 20:52:26,Golf_3_VR6,privat,Angebot,2650,control,,2017,manuell,174,golf,150000,7,benzin,volkswagen,,2016-04-04 00:00:00,0,57413,2016-04-06 23:17:59
338037,2016-04-05 07:54:27,BMW_e36_Selten/MPAKET_Voll__no:316_318_318is_325_328_Liebhaber!,privat,Angebot,3590,test,limousine,1997,manuell,150,3er,150000,12,benzin,bmw,,2016-04-05 00:00:00,0,75015,2016-04-05 09:43:12
164757,2016-03-20 23:48:45,Chevy_C10_Silverado_Pick_up_V8,privat,Angebot,8990,control,,2017,automatik,173,andere,150000,7,benzin,chevrolet,nein,2016-03-20 00:00:00,0,67071,2016-04-01 14:18:47
1202,2016-03-10 11:53:00,FORD_FOCUS_TDCI__TOP_ZUSTAND_TÜV_bis_4/2017_____DIESEL,privat,Angebot,1700,test,limousine,2004,manuell,115,focus,150000,6,diesel,ford,,2016-03-10 00:00:00,0,78532,2016-03-24 13:45:50
85296,2016-03-16 21:49:34,Opel_Astra,privat,Angebot,950,control,kleinwagen,1998,manuell,75,,5000,5,,sonstige_autos,,2016-03-16 00:00:00,0,67547,2016-03-19 21:18:20
236410,2016-04-05 09:56:29,Golf_4__Servo_A_Kupplung_E_Paket_,privat,Angebot,650,control,,2016,manuell,0,golf,150000,0,benzin,volkswagen,,2016-04-05 00:00:00,0,13583,2016-04-05 10:45:38
56873,2016-04-01 16:37:35,Volkswagen_Passat_2.0_TDI_Kombi_Tempomat_Sitzheizung_Klima,privat,Angebot,4150,control,kombi,2006,manuell,140,passat,150000,10,diesel,volkswagen,nein,2016-04-01 00:00:00,0,42655,2016-04-01 16:37:35
330465,2016-04-06 11:36:19,Peugeot_206_HDi_90_Style,privat,Angebot,999,test,kleinwagen,2001,manuell,90,2_reihe,150000,4,diesel,peugeot,nein,2016-04-06 00:00:00,0,37412,2016-04-06 11:36:19
44229,2016-03-27 20:53:13,MINI_Cooper_D_Countryman_All4__Chili__Winterraeder,privat,Angebot,16499,control,suv,2012,manuell,111,cooper,40000,5,diesel,mini,nein,2016-03-27 00:00:00,0,55270,2016-04-05 20:46:14
114240,2016-03-26 08:50:35,3x_Opel_wegen_Hobbyaufgabe,privat,Angebot,1500,test,limousine,1972,manuell,37,andere,150000,3,benzin,opel,ja,2016-03-26 00:00:00,0,35576,2016-03-26 17:07:40
195329,2016-03-31 22:53:15,Renault_Clio_1.2,privat,Angebot,700,test,kleinwagen,1999,manuell,0,clio,90000,9,benzin,renault,nein,2016-03-31 00:00:00,0,25917,2016-04-06 20:48:11
21234,2016-04-04 23:41:31,Renault_Clio_II_1_2_16V,privat,Angebot,1480,control,kleinwagen,2002,manuell,75,clio,150000,8,benzin,renault,,2016-04-04 00:00:00,0,46045,2016-04-07 02:17:11
68582,2016-03-05 16:58:04,Gut_erhaltener_VW_Golf_4_in_schwarz,privat,Angebot,1999,control,kleinwagen,2003,manuell,105,golf,150000,1,benzin,volkswagen,ja,2016-03-05 00:00:00,0,54552,2016-04-01 06:47:28
92998,2016-03-07 15:57:49,Golf_3_Cabrio_TÜV_neu_und_frisch_poliert,privat,Angebot,2000,control,,1995,manuell,90,golf,150000,5,,volkswagen,nein,2016-03-07 00:00:00,0,45711,2016-03-07 20:47:08
223160,2016-03-09 20:55:57,Omega_B_Caravan_MV6_3l_211_PS,privat,Angebot,800,test,kombi,1996,automatik,211,omega,150000,0,benzin,opel,,2016-03-09 00:00:00,0,41541,2016-03-27 20:45:24
308750,2016-04-02 13:53:13,Opel_Astra_2.2_Caravan_XENON_Klima,privat,Angebot,1600,test,kombi,2002,manuell,147,astra,150000,3,benzin,opel,nein,2016-04-02 00:00:00,0,34253,2016-04-06 12:46:10
98439,2016-03-28 13:42:50,Mercedes_Benz_W211___E_280_Avantgarde__,privat,Angebot,7500,test,limousine,2005,automatik,177,e_klasse,150000,5,diesel,mercedes_benz,,2016-03-28 00:00:00,0,10967,2016-04-06 16:46:44
178829,2016-03-30 21:52:50,Volkswagen_Golf_GTI_Performance_BlueMotion_Technology_DSG,privat,Angebot,29900,test,limousine,2014,automatik,230,golf,30000,7,benzin,volkswagen,nein,2016-03-30 00:00:00,0,82178,2016-04-05 12:20:36
296704,2016-03-31 21:51:18,Volkswagen_Touran_1.4_TSI_Highline,privat,Angebot,6950,test,bus,2007,manuell,140,touran,100000,2,benzin,volkswagen,nein,2016-03-31 00:00:00,0,64291,2016-03-31 21:51:18
195298,2016-03-30 11:50:36,Audi_A4_1.6l,privat,Angebot,1000,test,,2016,manuell,75,a4,150000,4,benzin,audi,,2016-03-30 00:00:00,0,17438,2016-04-04 23:46:10
133619,2016-03-12 19:41:44,Audi_A3_1.6_P,privat,Angebot,7395,test,limousine,2008,manuell,102,a3,100000,8,benzin,audi,nein,2016-03-12 00:00:00,0,53721,2016-03-26 04:46:12
199722,2016-03-12 11:49:13,Peugeot_206_CC_1_6_Quicksilver_Tuev_bis_2018_2_Hand_1A_2005_bj,privat,Angebot,2490,test,cabrio,2004,manuell,109,2_reihe,150000,12,benzin,peugeot,nein,2016-03-12 00:00:00,0,45770,2016-03-12 11:49:13
344729,2016-03-27 01:51:36,Skoda_Octavia_Kombi_1Z_1.6_MPI_mit_Komfort_Sportausstattung,privat,Angebot,7000,test,kombi,2006,manuell,102,octavia,150000,6,benzin,skoda,nein,2016-03-26 00:00:00,0,13159,2016-04-07 03:15:26
4517,2016-03-24 13:58:56,Volkswagen_up!_ASG_move_up!,privat,Angebot,9200,control,kleinwagen,2015,automatik,75,up,5000,4,benzin,volkswagen,nein,2016-03-24 00:00:00,0,68789,2016-04-01 09:18:20
341848,2016-04-03 11:42:33,Opel_Astra_2.0_CDTI_Active,privat,Angebot,15300,control,limousine,2013,manuell,165,astra,50000,4,diesel,opel,nein,2016-04-03 00:00:00,0,66885,2016-04-07 12:44:56
230047,2016-03-15 14:52:24,___>_BMW_M4_GTS_<___,privat,Angebot,0,control,coupe,2016,automatik,500,m_reihe,100000,6,benzin,bmw,nein,2016-03-15 00:00:00,0,70839,2016-04-06 05:16:42
275648,2016-04-02 14:50:19,Opel_Agila_1.2_Edition,privat,Angebot,4890,control,kleinwagen,2008,manuell,86,agila,80000,4,benzin,opel,nein,2016-04-02 00:00:00,0,60599,2016-04-05 21:16:45
163451,2016-03-17 13:53:26,Hyundai_i10_1.2_Fifa_World_Cup_Edition,privat,Angebot,8800,control,kleinwagen,2014,manuell,87,i_reihe,30000,5,benzin,hyundai,nein,2016-03-17 00:00:00,0,34127,2016-04-04 16:47:32
308817,2016-03-27 23:25:21,Volkswagen_Golf_Plus_1.4_TSI,privat,Angebot,11899,test,bus,2011,manuell,122,golf,50000,10,benzin,volkswagen,nein,2016-03-27 00:00:00,0,35792,2016-04-06 03:15:56
118353,2016-04-04 10:37:21,Peugeot_206_1.6_Servo_Klima_Bj_2000_viele_Teile_Neu_Neue_Kupplung,privat,Angebot,499,control,kleinwagen,2000,manuell,88,2_reihe,150000,6,benzin,peugeot,,2016-04-04 00:00:00,0,42103,2016-04-04 11:41:44
117476,2016-04-01 20:56:57,Mercedes_Benz_CL_63_AMG_MB_Garantie_Drivers/Performance,privat,Angebot,43999,test,coupe,2007,automatik,525,cl,70000,8,benzin,mercedes_benz,nein,2016-04-01 00:00:00,0,44379,2016-04-05 19:16:07
69793,2016-03-30 19:43:49,Opel_Corsa_1.2_16V_Edition,privat,Angebot,5000,test,kleinwagen,2009,manuell,80,corsa,90000,4,benzin,opel,nein,2016-03-30 00:00:00,0,42115,2016-04-07 10:47:11
221099,2016-03-15 22:50:58,VW_POLO_6N2_1_4_COMFORTLINE,privat,Angebot,790,control,,2017,manuell,75,polo,150000,0,benzin,volkswagen,nein,2016-03-15 00:00:00,0,37603,2016-03-29 04:15:30
254845,2016-04-05 02:36:22,Verkaufe_Passat_35i,privat,Angebot,900,test,,1990,manuell,90,passat,150000,0,benzin,volkswagen,,2016-04-05 00:00:00,0,52156,2016-04-07 11:15:26
157877,2016-03-28 14:48:04,Buick_Park_Avenue__rote_Innenausstung__Satter_V6_Sound,privat,Angebot,3490,test,limousine,1991,automatik,173,,150000,9,benzin,sonstige_autos,nein,2016-03-28 00:00:00,0,88299,2016-04-06 19:16:02
216135,2016-03-10 13:53:21,Mercedes_Benz_C220_CDI__Gruen_Plakette,privat,Angebot,990,test,,2016,manuell,0,c_klasse,150000,0,diesel,mercedes_benz,,2016-03-10 00:00:00,0,89340,2016-04-07 09:45:43
295777,2016-03-05 15:55:59,Volkswagen_Golf_1.4_CL_Europe,privat,Angebot,500,control,limousine,1994,manuell,60,golf,150000,11,benzin,volkswagen,nein,2016-03-05 00:00:00,0,94344,2016-03-12 08:46:21
104904,2016-03-22 19:45:37,Opel_corsa_d,privat,Angebot,4500,test,kleinwagen,2008,manuell,60,corsa,150000,0,benzin,opel,nein,2016-03-22 00:00:00,0,27336,2016-03-26 21:18:34
294836,2016-03-23 19:52:03,Opel_Meriva_B_Edition_1_4_Benzin_74KW_Schaltgetriebe_Nur_28000_KM,privat,Angebot,9250,control,,2018,manuell,0,meriva,30000,1,benzin,opel,nein,2016-03-23 00:00:00,0,59425,2016-04-06 01:15:51
206265,2016-03-25 12:37:18,A4__2.0_TDI_INDIVIDUAL_S_LINE,privat,Angebot,4200,test,kombi,2008,manuell,140,a4,150000,3,diesel,audi,nein,2016-03-25 00:00:00,0,71636,2016-03-25 12:37:18
304145,2016-04-03 18:43:40,Volkswagen_Golf_Cabrio,privat,Angebot,2200,control,cabrio,1991,manuell,98,golf,150000,5,benzin,volkswagen,nein,2016-04-03 00:00:00,0,41352,2016-04-03 18:43:40
68794,2016-03-26 19:57:40,Subaru_Impreza_2.0_4WD_GL_Season___Klima___TÜV_Neu,privat,Angebot,1590,control,limousine,1998,manuell,125,impreza,150000,12,benzin,subaru,ja,2016-03-26 00:00:00,0,92723,2016-04-06 10:15:21
3293,2016-03-22 07:56:31,Opel_Astra_zu_verkaufen,privat,Angebot,1300,control,coupe,1998,automatik,115,astra,150000,0,,opel,,2016-03-22 00:00:00,0,38828,2016-03-25 00:17:12
222265,2016-03-08 18:51:20,Mercedes_Benz_E200_T_Elegance_AHK,privat,Angebot,650,test,,2000,manuell,0,e_klasse,150000,0,benzin,mercedes_benz,nein,2016-03-08 00:00:00,0,45768,2016-03-11 15:17:04
138245,2016-03-25 21:40:18,Gepflegter_Hjundai_i10_in_weiss__1.Hand,privat,Angebot,3450,test,kleinwagen,2009,manuell,0,andere,80000,3,benzin,hyundai,nein,2016-03-25 00:00:00,0,53489,2016-04-07 03:46:51
210242,2016-03-09 20:39:34,Mercedes_Benz_C_63_AMG_SPEEDSHIFT_Performance_Carbon_Keyless,privat,Angebot,40999,test,limousine,2011,automatik,487,c_klasse,100000,11,benzin,mercedes_benz,nein,2016-03-09 00:00:00,0,45219,2016-03-11 04:46:19
158553,2016-03-12 13:46:17,BMW_320d_DPF_Touring,privat,Angebot,10400,control,kombi,2008,manuell,177,3er,125000,5,diesel,bmw,nein,2016-03-12 00:00:00,0,94107,2016-04-06 20:19:37
290603,2016-03-22 21:44:02,VW_Caddy_1_6_TDI_reserviert_bis_Donnerstag,privat,Angebot,6200,control,,2011,,75,caddy,150000,9,diesel,volkswagen,,2016-03-22 00:00:00,0,56459,2016-03-24 09:30:29
34576,2016-03-31 17:54:31,Mercedes_Citan_109,privat,Angebot,9300,control,kombi,2012,manuell,90,andere,150000,10,diesel,mercedes_benz,,2016-03-31 00:00:00,0,26180,2016-03-31 17:54:31
174967,2016-03-14 15:49:08,BMW_318td_*Tempomat*Xenon*,privat,Angebot,3600,test,limousine,2003,manuell,116,3er,150000,12,diesel,bmw,nein,2016-03-14 00:00:00,0,35510,2016-04-06 16:18:02
167713,2016-03-11 11:59:22,Mitsubishi_Pajero_Pinin_blau,privat,Angebot,2800,control,suv,2001,manuell,120,pajero,100000,12,,mitsubishi,nein,2016-03-11 00:00:00,0,74357,2016-03-11 11:59:22
128954,2016-03-19 12:53:28,Mercedes_Benz_R_320_CDI_L_4Matic_7G_TRONIC,privat,Angebot,18250,test,bus,2009,automatik,224,andere,100000,9,diesel,mercedes_benz,nein,2016-03-19 00:00:00,0,71364,2016-04-06 17:46:10
88342,2016-03-19 02:37:56,Kia_Picanto_1.1_CRDi_LX,privat,Angebot,3050,test,limousine,2007,manuell,0,picanto,150000,4,diesel,kia,nein,2016-03-18 00:00:00,0,40235,2016-04-06 05:16:54
153355,2016-03-16 17:45:44,MINI_Cooper_SD_Countryman_All4_Aut.,privat,Angebot,23900,control,kleinwagen,2013,automatik,143,cooper,40000,5,diesel,mini,nein,2016-03-16 00:00:00,0,66787,2016-03-21 20:19:06
267201,2016-03-22 17:48:43,BMW_520i,privat,Angebot,3999,control,limousine,2001,manuell,170,5er,150000,1,benzin,bmw,nein,2016-03-22 00:00:00,0,45279,2016-04-06 09:17:03
134289,2016-03-10 13:47:13,Fiat_Punto_Sporting,privat,Angebot,0,test,kleinwagen,1999,manuell,85,punto,150000,6,benzin,fiat,,2016-03-10 00:00:00,0,51107,2016-03-16 21:46:20
364210,2016-04-01 15:53:40,Opel_Vectra_2.2,privat,Angebot,3850,test,limousine,2004,automatik,155,vectra,150000,7,benzin,opel,nein,2016-04-01 00:00:00,0,79312,2016-04-05 11:44:50
221042,2016-03-09 21:56:20,Mercedes_Benz_CE_230_EURO_4_!!!_TOP_ZUSTAND_TÜV_NEU_w123_SEC,privat,Angebot,13900,test,coupe,1984,manuell,136,andere,150000,5,benzin,mercedes_benz,nein,2016-03-09 00:00:00,0,80809,2016-03-14 18:45:01
249723,2016-03-21 20:52:33,Opel_Vectra_1_8_L,privat,Angebot,400,control,,2016,manuell,108,vectra,150000,0,benzin,opel,nein,2016-03-21 00:00:00,0,24864,2016-04-07 00:44:41
368940,2016-03-10 21:45:05,Nissan_Micra_1.0_Servo___TÜV_NEU,privat,Angebot,690,control,kleinwagen,1995,manuell,54,micra,150000,8,benzin,nissan,nein,2016-03-10 00:00:00,0,58089,2016-03-11 10:16:33
160593,2016-03-17 17:59:13,VW_EOS_1.4_TSI_Bj.2009_160Ps,privat,Angebot,10450,control,cabrio,2009,manuell,160,eos,70000,4,benzin,volkswagen,nein,2016-03-17 00:00:00,0,58553,2016-04-07 05:16:53
157845,2016-03-09 09:55:29,Opel_Astra_F_1_6i_8v___mit_Tuev_10/16__und_Klimaanlage,privat,Angebot,349,test,limousine,1997,manuell,75,astra,150000,11,benzin,opel,ja,2016-03-09 00:00:00,0,73577,2016-04-03 10:45:37
176418,2016-03-28 14:54:28,VW_Polo_1.2,privat,Angebot,1200,test,limousine,2003,manuell,54,polo,150000,4,benzin,volkswagen,nein,2016-03-28 00:00:00,0,50126,2016-03-31 23:17:01
467,2016-03-21 21:46:45,Opel_Corsa_1.2_16V___2_HAND__KLIMA__8_FACH_TÜV_NEU!!!,privat,Angebot,2238,control,kleinwagen,2003,manuell,75,corsa,125000,5,benzin,opel,nein,2016-03-21 00:00:00,0,1067,2016-03-24 11:46:38
308528,2016-03-16 18:50:41,Mercedes_Benz_E_240_Elegance_/_Sehr_gepflegt_1_Hand,privat,Angebot,8250,control,limousine,2005,automatik,177,e_klasse,125000,11,benzin,mercedes_benz,nein,2016-03-16 00:00:00,0,10963,2016-04-07 03:16:08
150330,2016-04-04 17:58:51,Audi_A3_2.0_TDI_Attraction,privat,Angebot,6299,test,limousine,2005,manuell,140,a3,150000,9,diesel,audi,nein,2016-04-04 00:00:00,0,89312,2016-04-06 19:48:51
68004,2016-03-07 17:57:13,Opel_Astra_1.6_Sport,privat,Angebot,3190,test,limousine,2006,manuell,105,astra,100000,11,benzin,opel,nein,2016-03-07 00:00:00,0,4552,2016-03-30 06:16:48
108441,2016-04-01 17:49:56,Renault_Modus_1.2_16V__TÜV_04/2018__8_Fach_bereift,privat,Angebot,2900,test,kleinwagen,2005,manuell,75,modus,90000,4,,renault,nein,2016-04-01 00:00:00,0,90763,2016-04-05 13:16:48
281748,2016-04-02 08:51:35,Opel_Corsa_D_1.3_CDTI_Tuev_3.18_Diesel_90_PS,privat,Angebot,3500,control,kleinwagen,2008,manuell,90,corsa,150000,6,diesel,opel,nein,2016-04-02 00:00:00,0,24329,2016-04-06 07:15:35
75242,2016-03-16 11:38:36,Ford_Fiesta,privat,Angebot,800,test,kleinwagen,1994,manuell,60,fiesta,60000,3,benzin,ford,ja,2016-03-16 00:00:00,0,27637,2016-03-22 14:50:04
92279,2016-03-19 11:45:43,Volkswagen_Golf_GTD_BlueMotion_Technology_DSG,privat,Angebot,24999,test,limousine,2014,automatik,184,golf,50000,2,diesel,volkswagen,nein,2016-03-19 00:00:00,0,53604,2016-04-04 12:46:18
111147,2016-03-24 13:49:44,Opel_Corsa_Advanteg,privat,Angebot,580,control,kleinwagen,1997,manuell,45,corsa,150000,6,benzin,opel,,2016-03-24 00:00:00,0,56594,2016-04-06 00:45:33
143047,2016-03-28 12:46:41,VW_TRANSPORTER_2.5TDI__SYNCRO,privat,Angebot,3250,test,bus,2002,manuell,102,transporter,150000,7,diesel,volkswagen,nein,2016-03-28 00:00:00,0,91154,2016-03-28 12:46:41
68772,2016-03-16 07:01:24,Volkswagen_Golf_1.6_/_HU_/_ABS_/_Servolenkung,privat,Angebot,999,control,limousine,1996,manuell,75,golf,150000,6,benzin,volkswagen,nein,2016-03-16 00:00:00,0,29323,2016-04-06 01:17:47
343041,2016-03-07 20:51:04,Chrysler_PT_Cruiser_2_2_Crd_!!!!!,privat,Angebot,1800,test,,2005,manuell,0,ptcruiser,150000,7,diesel,chrysler,nein,2016-03-07 00:00:00,0,26607,2016-03-21 04:46:08
15681,2016-03-09 20:43:49,Renault_Megane_1.6_Avantage,privat,Angebot,2900,test,limousine,2008,manuell,111,megane,150000,7,lpg,renault,ja,2016-03-09 00:00:00,0,14532,2016-03-16 04:45:10
69653,2016-03-15 11:47:54,Seat_Ibiza_Sport_1_4_16_V,privat,Angebot,6500,test,kleinwagen,2009,manuell,86,ibiza,80000,11,,seat,,2016-03-15 00:00:00,0,97633,2016-04-05 23:18:06
3687,2016-03-25 18:50:41,Volkswagen_VW_Bora_1.6_Special_2.Hand___S_Heft__Klima__Temp,privat,Angebot,3150,test,limousine,2001,manuell,105,bora,125000,11,benzin,volkswagen,nein,2016-03-25 00:00:00,0,93047,2016-04-02 23:45:24
264810,2016-03-11 17:40:36,Opel_Astra_1_6_Easytronic_TÜV_bis_10/2016_sehr_gepflegt,privat,Angebot,3750,control,limousine,2005,automatik,105,astra,125000,11,benzin,opel,nein,2016-03-11 00:00:00,0,13593,2016-03-12 21:48:29
184927,2016-03-08 20:43:55,Nissan_X_Trail_2.5_4x4_Aut._Elegance_m.Prins_Gasanlage,privat,Angebot,6999,control,suv,2005,automatik,165,x_trail,150000,9,benzin,nissan,nein,2016-03-08 00:00:00,0,31582,2016-03-09 12:16:49
284604,2016-03-23 11:37:42,Seat_Ibiza_zu_verkaufen,privat,Angebot,450,test,kleinwagen,2000,manuell,59,ibiza,30000,5,benzin,seat,nein,2016-03-23 00:00:00,0,40231,2016-03-24 19:45:13
287876,2016-04-01 14:53:51,Pampersbomber_Zafira_A_7_Sitzer_TÜV_08/16_evtl_Tausch_gegen_komvi,privat,Angebot,1450,test,bus,2000,manuell,128,zafira,150000,7,benzin,opel,nein,2016-04-01 00:00:00,0,47166,2016-04-03 11:48:45
156504,2016-04-01 17:54:28,S_Klasse_320_CDI_Sondermodel_250PS,privat,Angebot,3500,test,limousine,2000,automatik,250,s_klasse,150000,12,,mercedes_benz,,2016-04-01 00:00:00,0,26871,2016-04-05 13:44:38
276375,2016-03-22 19:52:46,Ford_Focus_Turnier_Ambiente_Rentnerfahrzeug_oh._Radio,privat,Angebot,1500,test,kombi,1999,manuell,75,focus,80000,9,benzin,ford,nein,2016-03-22 00:00:00,0,21706,2016-04-02 14:46:31
34796,2016-04-02 11:50:55,320_d_M_Paket,privat,Angebot,2300,test,limousine,2003,,0,3er,150000,11,diesel,bmw,nein,2016-04-02 00:00:00,0,48527,2016-04-02 11:50:55
187405,2016-03-23 19:31:39,Volkswagen_Golf_1.6_FSI_Automatik_Sportline,privat,Angebot,6950,test,limousine,2005,automatik,116,golf,90000,9,benzin,volkswagen,nein,2016-03-23 00:00:00,0,65552,2016-03-27 03:46:39
272159,2016-03-11 16:45:45,Mercedes_Benz_S_350,privat,Angebot,3800,test,limousine,2003,automatik,245,s_klasse,150000,1,benzin,mercedes_benz,ja,2016-03-11 00:00:00,0,89150,2016-04-03 15:45:37
290640,2016-03-16 20:55:10,BMW_525D_E61_Bj._06/2016___287000km,privat,Angebot,7600,control,kombi,2006,automatik,177,5er,150000,6,diesel,bmw,,2016-03-16 00:00:00,0,40667,2016-03-19 20:16:12
239240,2016-03-08 20:49:53,Opel_Vectra_C_Caravan,privat,Angebot,2000,control,kombi,2004,manuell,120,vectra,150000,3,diesel,opel,nein,2016-03-08 00:00:00,0,45549,2016-03-16 07:16:27
185106,2016-03-20 10:38:50,Mercedes_Benz_A_170_Classic,privat,Angebot,2300,control,limousine,2006,manuell,116,a_klasse,150000,2,benzin,mercedes_benz,ja,2016-03-20 00:00:00,0,21614,2016-04-02 08:47:03
301498,2016-03-23 08:51:44,Ford_Fiesta_D,privat,Angebot,0,control,kleinwagen,2001,manuell,55,fiesta,125000,9,benzin,ford,nein,2016-03-23 00:00:00,0,46483,2016-03-27 12:47:38
45165,2016-04-02 13:47:51,Verkauft_wird_unser_kombi,privat,Angebot,800,test,kombi,1997,automatik,125,passat,150000,11,benzin,volkswagen,,2016-04-02 00:00:00,0,16547,2016-04-04 11:17:03
17147,2016-03-17 21:46:29,Renault_Scenic_1_6_TÜV_neu____Automatik,privat,Angebot,1850,test,bus,2000,automatik,107,scenic,125000,4,benzin,renault,,2016-03-17 00:00:00,0,25524,2016-03-19 22:17:00
326896,2016-03-19 16:40:28,FORD_FOCUS_2.0_TURNIER,privat,Angebot,3200,test,,2016,manuell,145,focus,150000,6,,ford,,2016-03-19 00:00:00,0,55543,2016-04-07 02:15:21
209636,2016-03-29 14:52:54,Audi_A4_2.0_TDI_DPF_Ambiente,privat,Angebot,18500,test,limousine,2013,manuell,120,a4,125000,3,diesel,audi,nein,2016-03-29 00:00:00,0,6449,2016-04-06 00:44:33
107993,2016-03-31 13:37:33,Audi_A4_Avant_3.0_TDI_DPF_quattro,privat,Angebot,4200,control,kombi,2005,manuell,204,a4,150000,7,diesel,audi,ja,2016-03-31 00:00:00,0,42929,2016-04-02 08:18:43
360738,2016-03-21 12:49:45,VW_Passat_3BG_1.9_TDI_DPF_2003_Vollausstattung,privat,Angebot,4000,control,kombi,2003,automatik,131,passat,150000,10,diesel,volkswagen,,2016-03-21 00:00:00,0,50769,2016-04-06 07:45:34
331574,2016-03-08 13:57:47,Peugeot_306_Break_DT,privat,Angebot,900,control,kombi,1999,manuell,90,3_reihe,150000,1,diesel,peugeot,nein,2016-03-08 00:00:00,0,77796,2016-03-17 06:17:59
365482,2016-03-19 12:55:20,BMW_525D_F10_Grosse_Navi_SUPER_PREIS,privat,Angebot,22000,test,limousine,2010,manuell,204,5er,90000,5,diesel,bmw,nein,2016-03-19 00:00:00,0,55469,2016-03-24 12:15:45
29190,2016-03-15 10:41:16,Ford_focus_mk_2_Sport_Edition,privat,Angebot,4600,control,coupe,2006,manuell,140,,150000,6,diesel,ford,,2016-03-15 00:00:00,0,12049,2016-03-23 15:49:46
354004,2016-04-01 11:59:36,Ford_Focus_limuzine_klima_tuv_diesel_top_auto,privat,Angebot,1490,test,limousine,2003,manuell,0,focus,150000,7,diesel,ford,nein,2016-04-01 00:00:00,0,86154,2016-04-01 12:39:52
138727,2016-03-09 09:37:36,Mini_Cooper_one_116ps_TÜV_bis_2017!,privat,Angebot,4000,test,kleinwagen,2001,manuell,116,cooper,150000,12,benzin,mini,nein,2016-03-09 00:00:00,0,64297,2016-04-07 14:33:04
217222,2016-03-09 23:51:20,Ford_Ford_C_Max_1.6_TDCI_DPF_Euro4,privat,Angebot,3450,test,bus,2005,manuell,109,c_max,150000,1,diesel,ford,nein,2016-03-09 00:00:00,0,73108,2016-04-05 19:18:24
270741,2016-03-13 19:42:52,Passat_2.0_TDI_DPF_4Motion_SPORTLINE_VOLL,privat,Angebot,4000,control,limousine,2007,manuell,140,passat,150000,10,diesel,volkswagen,,2016-03-13 00:00:00,0,95326,2016-03-13 19:42:52
245094,2016-03-11 19:47:07,Golf_4_in_Schwarz,privat,Angebot,1800,test,limousine,2001,manuell,170,golf,150000,3,benzin,volkswagen,nein,2016-03-11 00:00:00,0,34621,2016-04-06 00:46:54
366452,2016-03-05 14:17:05,Lada_Niva_1.7i,privat,Angebot,3666,test,suv,2008,manuell,82,niva,80000,2,benzin,lada,nein,2016-03-04 00:00:00,0,35638,2016-03-07 12:17:35
362052,2016-03-30 20:56:24,Opel_Corsa_1.0_12V_Cosmo_Klima_TÜV_09_2017,privat,Angebot,1899,control,kleinwagen,2004,automatik,60,corsa,90000,4,benzin,opel,nein,2016-03-30 00:00:00,0,47877,2016-04-07 14:32:15
84037,2016-03-10 16:38:53,Opel_vectra_1_6,privat,Angebot,500,control,kombi,2000,manuell,0,vectra,150000,1,benzin,opel,,2016-03-10 00:00:00,0,48167,2016-03-17 01:45:48
259918,2016-03-12 08:52:47,Fiat_punto_2_Jahre_tuev_und_Klima,privat,Angebot,1550,control,kleinwagen,2001,manuell,60,,90000,1,,fiat,,2016-03-12 00:00:00,0,44867,2016-03-20 04:17:16
221710,2016-03-19 19:45:55,Ich_suche_dringend_ein_Auto_mit_TÜV!,privat,Angebot,500,control,,1995,,0,,100000,1,,sonstige_autos,,2016-03-19 00:00:00,0,4205,2016-03-20 22:15:46
301899,2016-04-01 19:40:35,BMW_525d_Touring_Sport_Aut.,privat,Angebot,22900,control,kombi,2011,automatik,204,5er,125000,1,diesel,bmw,nein,2016-04-01 00:00:00,0,47178,2016-04-05 15:45:01
297766,2016-03-21 19:36:25,Renault_Megane_Scenic_mit_Tuev_06.16,privat,Angebot,120,test,,2016,manuell,0,scenic,150000,6,,renault,ja,2016-03-21 00:00:00,0,14776,2016-03-27 04:44:55
296064,2016-03-20 13:25:23,Calibra_turbo_4x4,privat,Angebot,10000,test,coupe,1993,manuell,204,calibra,150000,0,benzin,opel,,2016-03-20 00:00:00,0,65462,2016-04-06 21:16:57
80657,2016-03-09 20:52:36,Golf_4_GTI_1.8_Turbo,privat,Angebot,3150,test,limousine,1999,manuell,200,golf,150000,1,benzin,volkswagen,nein,2016-03-09 00:00:00,0,21502,2016-04-05 18:46:38
70776,2016-03-14 11:50:04,Volkswagen_Golf_Variant_1.6_Automatik,privat,Angebot,1299,test,kombi,2001,automatik,102,golf,150000,6,benzin,volkswagen,nein,2016-03-14 00:00:00,0,8606,2016-03-14 11:50:04
125537,2016-03-08 04:36:19,Opel_Astra_H_1.6,privat,Angebot,4490,test,limousine,2004,manuell,105,astra,90000,9,benzin,opel,nein,2016-03-08 00:00:00,0,25715,2016-04-06 08:15:20
70188,2016-04-04 10:55:53,Lancia_Phedra_2.0_16v_JTD,privat,Angebot,1199,control,bus,2002,manuell,108,andere,30000,10,diesel,lancia,nein,2016-04-04 00:00:00,0,27404,2016-04-06 12:17:49
95123,2016-03-16 16:51:18,Opel_Corsa_1_4_mit_Tuev_bis12/2017,privat,Angebot,599,control,kleinwagen,1997,manuell,60,,150000,1,benzin,opel,,2016-03-16 00:00:00,0,31515,2016-03-25 16:51:46
77449,2016-03-05 19:38:52,Vw_Passat_1.9TDI_6_gang_131ps.,privat,Angebot,3100,test,kombi,2005,manuell,0,passat,150000,0,,volkswagen,nein,2016-03-05 00:00:00,0,38524,2016-03-07 18:47:49
315574,2016-03-23 20:52:27,Mazda_Premacy,privat,Angebot,0,test,,2005,manuell,100,,150000,0,benzin,mazda,nein,2016-03-23 00:00:00,0,83308,2016-03-25 05:17:42
322697,2016-03-15 22:31:34,Volkswagen_Eos_2.0_TDI_DPF_DSG_Cabrio_Panoramadach,privat,Angebot,8200,test,cabrio,2007,automatik,140,eos,150000,5,diesel,volkswagen,nein,2016-03-15 00:00:00,0,65307,2016-04-06 16:45:18
54500,2016-03-16 20:47:41,Vw_T3_Doka,privat,Angebot,700,control,bus,1986,manuell,50,transporter,150000,0,diesel,volkswagen,ja,2016-03-16 00:00:00,0,88326,2016-03-17 19:46:57
177934,2016-03-17 21:48:27,Opel_Corsa_C_TÜV_10/2017_Unfall,privat,Angebot,650,test,kleinwagen,2002,manuell,75,corsa,150000,1,benzin,opel,ja,2016-03-17 00:00:00,0,35716,2016-04-03 17:53:30
59325,2016-04-04 19:53:53,Hyundai_i10_1.1,privat,Angebot,3000,test,kleinwagen,2008,,0,i_reihe,100000,8,benzin,hyundai,nein,2016-04-04 00:00:00,0,85467,2016-04-06 22:16:59
332576,2016-03-27 14:59:17,Vw_Golf__mit_4_tueren._Tuev_02.2017,privat,Angebot,1199,control,limousine,1998,manuell,75,golf,150000,12,benzin,volkswagen,nein,2016-03-27 00:00:00,0,55765,2016-03-27 15:40:51
58103,2016-04-01 22:39:09,BMW_316i,privat,Angebot,2950,test,limousine,1999,manuell,105,3er,150000,10,benzin,bmw,nein,2016-04-01 00:00:00,0,96342,2016-04-05 20:18:12
287954,2016-03-26 12:51:50,Ford_Focus_Turn._1.8_TDCi_Futura,privat,Angebot,2650,control,kombi,2004,manuell,116,focus,150000,5,diesel,ford,nein,2016-03-26 00:00:00,0,33102,2016-04-06 00:44:59
325727,2016-03-26 15:48:21,Volkswagen_Passat_Variant_2.0_TDI_DSG_schiebedach,privat,Angebot,6666,test,kombi,2007,automatik,140,passat,150000,10,diesel,volkswagen,nein,2016-03-26 00:00:00,0,30163,2016-04-06 04:15:38
72128,2016-03-28 23:55:19,Volkswagen_Polo_1.2,privat,Angebot,6950,test,kleinwagen,2007,manuell,64,polo,30000,5,benzin,volkswagen,nein,2016-03-28 00:00:00,0,67098,2016-04-05 15:44:43
323316,2016-03-21 09:56:11,Audi_A4_Avant_1.9_TDI,privat,Angebot,7000,control,kombi,2007,manuell,116,a4,150000,6,diesel,audi,nein,2016-03-21 00:00:00,0,38350,2016-04-06 02:45:36
119186,2016-04-01 13:58:01,Honda_crx_del_sol_Tuev_5.17,privat,Angebot,1500,test,cabrio,1993,,125,civic,150000,4,benzin,honda,ja,2016-04-01 00:00:00,0,45899,2016-04-01 13:58:01
23259,2016-03-19 23:55:59,Volkswagen_Golf_1.4,privat,Angebot,2600,control,limousine,2001,manuell,75,golf,150000,6,benzin,volkswagen,nein,2016-03-19 00:00:00,0,70193,2016-03-21 10:17:01
156684,2016-03-26 15:42:50,Subaru_libero_AWD,privat,Angebot,1800,test,bus,1994,,0,,60000,0,,subaru,,2016-03-26 00:00:00,0,79115,2016-03-26 15:42:50
33663,2016-03-26 13:43:21,BMW_318d_DPF_Touring,privat,Angebot,7200,control,kombi,2007,manuell,122,3er,150000,7,diesel,bmw,nein,2016-03-26 00:00:00,0,97421,2016-04-06 01:16:24
264070,2016-04-01 17:50:42,Audi_200_Turbo____Oltimer__,privat,Angebot,1500,test,limousine,1984,manuell,182,200,150000,1,benzin,audi,ja,2016-04-01 00:00:00,0,41363,2016-04-01 17:50:42
13902,2016-03-18 09:49:43,Daihatsu_cuore_L7_Pkw_Kleinwagen_Tuev,privat,Angebot,450,control,kleinwagen,2003,,59,cuore,125000,5,benzin,daihatsu,nein,2016-03-18 00:00:00,0,7552,2016-03-18 09:49:43
27595,2016-03-27 12:27:54,Volkswagen_Bora_2.3_V5,privat,Angebot,2100,control,limousine,1998,manuell,150,bora,150000,11,benzin,volkswagen,nein,2016-03-26 00:00:00,0,35614,2016-04-07 00:17:31
318835,2016-03-08 23:52:51,Alfa_166_Bj_2003_2.5_V6_127.000_Km,privat,Angebot,3800,control,limousine,2003,manuell,188,andere,150000,12,,alfa_romeo,nein,2016-03-08 00:00:00,0,72760,2016-03-23 01:44:55
146779,2016-03-23 18:58:57,Seat_Ibiza_1_4__60PS_2001,privat,Angebot,699,test,,2016,manuell,60,ibiza,150000,6,benzin,seat,,2016-03-23 00:00:00,0,4655,2016-04-03 23:17:28
213782,2016-03-08 18:41:53,Opel_Astra_1.7_Diesel_Kombi_93000KM_Mit_TÜV_Servolenkung_2.Hand,privat,Angebot,890,test,kombi,1995,manuell,70,astra,100000,6,diesel,opel,,2016-03-08 00:00:00,0,31226,2016-03-10 04:15:34
250207,2016-04-03 10:52:32,Suche_Auto,privat,Angebot,450,control,andere,1995,manuell,0,,5000,0,andere,sonstige_autos,,2016-04-03 00:00:00,0,42289,2016-04-07 11:46:27
198290,2016-04-01 21:49:06,Volkswagen_Golf_1.8_Turbo_GTI,privat,Angebot,11499,test,limousine,1998,manuell,400,golf,125000,7,benzin,volkswagen,nein,2016-04-01 00:00:00,0,21217,2016-04-05 19:46:16
367157,2016-03-12 13:37:38,Passat_1.9_TDI_mit_Xenon,privat,Angebot,1325,control,limousine,1997,automatik,110,passat,150000,12,diesel,volkswagen,,2016-03-12 00:00:00,0,26759,2016-03-20 12:48:20
213275,2016-03-25 12:54:44,BMW_523i_LPG_Austauschmotor_Leder___Guter_Zustand!,privat,Angebot,2499,test,limousine,1998,automatik,170,5er,150000,4,lpg,bmw,nein,2016-03-25 00:00:00,0,47669,2016-03-25 12:54:44
245035,2016-03-25 17:58:02,Opel_Insignia_Edition,privat,Angebot,11552,test,limousine,2009,manuell,140,insignia,80000,11,benzin,opel,ja,2016-03-25 00:00:00,0,31592,2016-04-06 23:17:26
12089,2016-03-07 16:54:04,Fiat_Panda_1_1_Active_*Klima*,privat,Angebot,3500,control,kleinwagen,2008,manuell,54,panda,90000,8,benzin,fiat,nein,2016-03-07 00:00:00,0,59505,2016-04-07 08:45:12
336212,2016-04-07 01:36:22,Land_Rover_Range_Rover,privat,Angebot,3900,control,suv,1997,automatik,224,range_rover,150000,4,benzin,land_rover,,2016-04-07 00:00:00,0,84533,2016-04-07 01:36:22
315071,2016-03-20 08:56:02,Mercedes_Benz_/_/_/_/_C_200_KOMPRESSOR_/_/_/_/_/Sportcoupe,privat,Angebot,3450,test,coupe,2002,automatik,163,c_klasse,150000,2,benzin,mercedes_benz,nein,2016-03-20 00:00:00,0,79189,2016-04-06 03:46:13
174373,2016-03-20 20:58:28,Audi_a3_ist_sehr_geflaekt,privat,Angebot,2000,test,limousine,1999,manuell,101,a3,5000,0,diesel,audi,nein,2016-03-20 00:00:00,0,27232,2016-04-07 06:44:19
344391,2016-03-12 22:50:54,Toyota_Avensis_2.2_D_CAT_Combi,privat,Angebot,4750,control,kombi,2007,manuell,177,avensis,150000,8,diesel,toyota,nein,2016-03-12 00:00:00,0,74080,2016-03-12 23:43:48
246881,2016-03-14 21:50:09,Audi_A6_Avant_2.5_TDI,privat,Angebot,2640,test,kombi,2003,automatik,163,a6,150000,2,diesel,audi,nein,2016-03-14 00:00:00,0,25719,2016-04-02 15:18:48
68269,2016-03-25 18:50:00,Mercedes_Benz_C_220_T_CDI_Avantgarde,privat,Angebot,6000,test,kombi,2005,manuell,150,c_klasse,150000,4,diesel,mercedes_benz,nein,2016-03-25 00:00:00,0,85368,2016-03-27 06:45:48
322875,2016-03-10 15:38:37,Volkswagen_New_Beetle_2.0,privat,Angebot,1200,test,limousine,1999,manuell,116,beetle,150000,2,benzin,volkswagen,nein,2016-03-10 00:00:00,0,40668,2016-03-24 19:46:20
62398,2016-03-29 11:57:43,Opel_Astra_Twin_Top_Sonderedition_111_Jahre_Cabrio_54.000km,privat,Angebot,10500,test,,2017,manuell,140,astra,60000,12,,opel,,2016-03-29 00:00:00,0,60488,2016-04-07 11:46:01
131463,2016-03-29 15:37:02,Passat_3C_2_0L_TDI_170_Ps,privat,Angebot,11500,control,kombi,2007,manuell,170,passat,125000,4,diesel,volkswagen,nein,2016-03-29 00:00:00,0,37124,2016-04-06 02:15:48
8704,2016-04-01 12:54:33,Chrysler_Voyager__Grand_TÜV_bis_0716,privat,Angebot,350,test,bus,1997,,0,,5000,12,diesel,chrysler,ja,2016-04-01 00:00:00,0,39307,2016-04-07 10:15:54
20441,2016-04-02 21:38:29,Soda_Oktaven_1.6_GLX,privat,Angebot,1799,test,limousine,1999,manuell,75,octavia,150000,6,benzin,skoda,nein,2016-04-02 00:00:00,0,49479,2016-04-06 22:16:16
308735,2016-03-19 21:54:51,Golf_4_TDI_1.9,privat,Angebot,900,control,limousine,1999,manuell,90,golf,150000,12,diesel,volkswagen,nein,2016-03-19 00:00:00,0,53894,2016-03-19 23:42:48
287436,2016-04-01 19:47:12,Seat_Ibiza_1.4_16V_Style_Viva___Wenig_Kilometer!!,privat,Angebot,9200,control,,2017,manuell,86,ibiza,40000,12,,seat,nein,2016-04-01 00:00:00,0,95182,2016-04-05 16:44:40
1761,2016-03-11 22:51:40,Opel_Corsa_c_TÜV_10_/_17_top_Auto,privat,Angebot,1750,control,kleinwagen,2003,manuell,54,corsa,150000,12,,opel,nein,2016-03-11 00:00:00,0,26427,2016-03-17 18:18:51
292663,2016-03-26 14:54:59,Verkaufe_oder_tausche,privat,Angebot,2800,control,limousine,2002,manuell,166,6_reihe,150000,0,,mazda,ja,2016-03-26 00:00:00,0,3042,2016-03-31 10:47:33
350331,2016-03-19 12:38:18,Honda_Civic_1.4i_LS,privat,Angebot,3490,test,limousine,2004,manuell,90,civic,100000,3,benzin,honda,nein,2016-03-19 00:00:00,0,67319,2016-04-06 16:16:39
273192,2016-03-23 21:48:38,Fiat_Panda_/_Unfallfrei_/_1._Hand_/_Zahnriemen_neu,privat,Angebot,1500,test,kleinwagen,2009,manuell,60,panda,150000,8,benzin,fiat,nein,2016-03-21 00:00:00,0,14129,2016-03-25 11:16:21
298511,2016-03-14 14:45:49,Seat_Leon_1.2_tsi,privat,Angebot,8990,control,,2017,manuell,105,leon,80000,11,,seat,nein,2016-03-14 00:00:00,0,57399,2016-03-31 00:47:29
231901,2016-03-26 14:59:19,Vw_golf_1.6sr_mit_schiebedach,privat,Angebot,1250,control,limousine,1998,manuell,101,golf,150000,6,benzin,volkswagen,,2016-03-26 00:00:00,0,50321,2016-04-06 02:46:35
157743,2016-03-12 14:47:47,Citroen_Xsara_Coupe_ohne_TÜV_an_Bastler,privat,Angebot,300,test,coupe,1997,manuell,90,andere,150000,0,benzin,citroen,nein,2016-03-12 00:00:00,0,57413,2016-04-07 01:17:04
310288,2016-03-12 19:39:48,Passat_2.0_TDI_DPF_4Motion_SPORTLINE_VOLL,privat,Angebot,4000,test,limousine,2007,manuell,140,passat,150000,10,diesel,volkswagen,,2016-03-12 00:00:00,0,42719,2016-03-12 19:39:48
363500,2016-03-20 13:59:05,Nissan_Micra,privat,Angebot,2700,test,kleinwagen,2005,manuell,65,micra,125000,6,benzin,nissan,nein,2016-03-20 00:00:00,0,35066,2016-04-06 17:16:05
188416,2016-03-21 19:23:17,Verkaufe_gepflegten_Audi_A3_Baujahr_4/2006,privat,Angebot,5490,test,,2017,manuell,102,a3,150000,4,benzin,audi,nein,2016-03-21 00:00:00,0,35708,2016-04-02 12:18:09
82537,2016-03-07 21:52:41,Ford_Galaxy_2.0___116_PS___Tuev_12/2017___Gruene_Plakette,privat,Angebot,1790,control,bus,2002,manuell,116,galaxy,150000,11,benzin,ford,nein,2016-03-07 00:00:00,0,97941,2016-03-31 11:17:05
366186,2016-04-02 23:54:31,Volkswagen_Touran_2.0_TDI_DPF_Highline,privat,Angebot,8875,test,bus,2008,manuell,140,touran,150000,11,diesel,volkswagen,nein,2016-04-02 00:00:00,0,85764,2016-04-07 07:16:21
111376,2016-03-29 20:54:59,Volkswagen_Golf_1.6_Joker,privat,Angebot,1150,test,limousine,1997,manuell,75,golf,150000,5,benzin,volkswagen,nein,2016-03-29 00:00:00,0,90518,2016-03-29 20:54:59
224768,2016-03-10 09:58:01,Audi_Tt_Roadster_Sommerfahrzeug,privat,Angebot,6500,test,,2018,manuell,150,tt,150000,3,,audi,nein,2016-03-10 00:00:00,0,89547,2016-04-02 09:45:55
95067,2016-04-01 18:55:52,BMW_316i,privat,Angebot,1000,control,coupe,1994,manuell,102,3er,150000,7,benzin,bmw,nein,2016-04-01 00:00:00,0,12099,2016-04-05 14:47:19
165616,2016-04-05 12:45:08,Peugeot_807_HDi_130_NAVTECH_ON_BOARD,privat,Angebot,3650,test,bus,2004,manuell,128,andere,150000,3,diesel,peugeot,nein,2016-04-05 00:00:00,0,85764,2016-04-05 12:45:08
32010,2016-03-17 19:54:10,Mitsubishi_Colt_1.3_/_Tuev_10.2017_/_Klima,privat,Angebot,1500,control,limousine,2000,manuell,82,colt,80000,10,benzin,mitsubishi,nein,2016-03-17 00:00:00,0,47533,2016-03-19 20:18:09
240022,2016-03-24 17:57:45,Nissan_Primera_1.6_SLX_TÜV_BIS_01/17,privat,Angebot,580,control,limousine,1996,manuell,90,primera,150000,10,benzin,nissan,nein,2016-03-24 00:00:00,0,1324,2016-04-07 11:16:26
110146,2016-03-21 11:51:58,CHEVI___PICKUP___LKW_Zulassung,privat,Angebot,3500,control,suv,2000,automatik,0,andere,5000,0,benzin,chevrolet,nein,2016-03-21 00:00:00,0,63739,2016-04-06 06:45:13
33307,2016-03-15 21:40:33,BMW_E91_diesel_touring_sehr_guter_Zustand,privat,Angebot,10999,control,kombi,2010,manuell,143,3er,150000,10,diesel,bmw,nein,2016-03-15 00:00:00,0,26127,2016-03-24 13:45:40
358351,2016-03-17 17:59:19,Bmw_525i_E60_5ER,privat,Angebot,6000,control,limousine,2004,automatik,197,5er,150000,4,benzin,bmw,ja,2016-03-17 00:00:00,0,47229,2016-03-19 18:18:18
219714,2016-03-17 21:48:21,Volkswagen_Golf,privat,Angebot,4350,test,kleinwagen,2004,manuell,75,golf,125000,8,benzin,volkswagen,nein,2016-03-17 00:00:00,0,48165,2016-04-07 12:17:05
58843,2016-03-29 18:41:54,Volkswagen_Golf_1.9_TDI_DPF_Tour,privat,Angebot,6900,control,limousine,2007,manuell,105,golf,150000,1,diesel,volkswagen,nein,2016-03-29 00:00:00,0,53332,2016-03-29 18:41:54
189915,2016-03-18 19:06:22,Mercedes_Benz_SLK_250_CDI___7G_TRONIC,privat,Angebot,31000,test,cabrio,2013,automatik,204,slk,30000,8,diesel,mercedes_benz,nein,2016-03-18 00:00:00,0,63329,2016-04-06 11:17:36
248416,2016-03-26 12:56:59,Audi_A3,privat,Angebot,1399,control,limousine,1998,manuell,101,a3,150000,3,benzin,audi,nein,2016-03-26 00:00:00,0,72359,2016-03-26 12:56:59
261389,2016-04-02 17:58:49,MINI_Mini_Cooper_S_Unikat_absolute_Vollausstattung,privat,Angebot,6299,control,kleinwagen,2004,manuell,170,cooper,150000,9,benzin,mini,nein,2016-04-02 00:00:00,0,85521,2016-04-06 17:18:11
62359,2016-03-15 13:54:01,Volkswagen_Tiguan_2.0_TDI_DPF_4Motion_Cup_Sport_&_Style,privat,Angebot,25900,control,suv,2014,manuell,140,tiguan,30000,2,diesel,volkswagen,nein,2016-03-15 00:00:00,0,26624,2016-04-06 03:16:12
308654,2016-03-30 21:45:49,VW_Polo_6n_mit_RestTÜV_bis_11/16,privat,Angebot,300,test,kleinwagen,1995,manuell,75,polo,150000,0,benzin,volkswagen,,2016-03-30 00:00:00,0,91575,2016-04-05 11:49:35
303805,2016-03-19 07:54:57,Opel_zafira_1_6_7_sitze_TÜV_7_2016_voll_fahrbereit_Klima,privat,Angebot,850,control,limousine,1999,manuell,116,zafira,150000,10,benzin,opel,nein,2016-03-19 00:00:00,0,59423,2016-04-06 06:16:38
280988,2016-03-11 00:52:51,Citroën_Berlingo_1.6_HDi_110_FAP_Multispace_Exclusive,privat,Angebot,9950,test,bus,2011,manuell,111,berlingo,70000,7,diesel,citroen,nein,2016-03-10 00:00:00,0,53639,2016-03-11 07:39:52
260078,2016-03-12 13:49:41,Suche_kleinbus,privat,Angebot,1,control,,1995,,0,transporter,5000,0,,volkswagen,,2016-03-12 00:00:00,0,9306,2016-03-30 07:18:12
236291,2016-03-05 22:51:08,Ford_Mondeo_2.0_Turnier_TDCi_Trend,privat,Angebot,1600,control,kombi,2002,manuell,131,mondeo,150000,6,diesel,ford,nein,2016-03-05 00:00:00,0,45475,2016-04-05 11:50:18
257593,2016-03-22 09:56:20,VW_Polo_86c_Winterauto,privat,Angebot,500,test,,2017,manuell,54,polo,150000,9,,volkswagen,,2016-03-22 00:00:00,0,31234,2016-04-05 21:48:05
336084,2016-03-27 14:57:06,Infiniti_FX30d_AWD_Aut._S_Premium,privat,Angebot,31900,control,suv,2011,automatik,238,,50000,12,diesel,sonstige_autos,nein,2016-03-27 00:00:00,0,41541,2016-04-07 11:45:23
342054,2016-03-26 02:52:19,WV_LUPO_1.4_TÜV_BIS_04.2017,privat,Angebot,1099,test,limousine,2001,manuell,0,lupo,150000,4,benzin,volkswagen,nein,2016-03-25 00:00:00,0,13355,2016-03-29 09:16:15
150401,2016-04-03 14:56:33,Renault_Twingo_1.2_Benzin_E.Fenster_E.Spiegel_Klima_Servo_TÜV_Neu,privat,Angebot,990,test,kleinwagen,1999,manuell,55,twingo,150000,5,benzin,renault,nein,2016-04-03 00:00:00,0,13599,2016-04-05 14:15:43
313833,2016-03-12 15:44:28,Opel_Corsa_B_Ersatzteilspender_bastler,privat,Angebot,0,control,,2000,,0,corsa,150000,5,,opel,,2016-03-12 00:00:00,0,66773,2016-03-15 20:46:41
299212,2016-04-04 11:48:57,Blauer_laguna_2,privat,Angebot,1100,control,kombi,2002,manuell,120,laguna,150000,8,diesel,renault,nein,2016-04-04 00:00:00,0,33659,2016-04-06 12:46:53
360522,2016-03-14 08:55:56,Nissan__Primera_voll_fahrbereit_mit_TÜV____Klima,privat,Angebot,1250,test,,2018,manuell,80,primera,125000,6,,nissan,nein,2016-03-14 00:00:00,0,18106,2016-03-23 10:15:39
252514,2016-03-12 15:37:43,A3_1.9TDI_Leder,privat,Angebot,2400,control,limousine,2004,manuell,0,a3,150000,9,diesel,audi,,2016-03-12 00:00:00,0,51065,2016-03-12 15:37:43
130093,2016-03-31 16:40:37,Gut_erhaltener_Mazda_mit_neuem_TÜV,privat,Angebot,1499,control,limousine,1998,manuell,88,3_reihe,125000,12,benzin,mazda,,2016-03-31 00:00:00,0,24116,2016-04-06 09:44:25
181450,2016-04-05 12:37:42,BMW_420i_Coupe,privat,Angebot,29500,test,coupe,2015,manuell,185,andere,10000,7,benzin,bmw,nein,2016-04-05 00:00:00,0,82319,2016-04-05 12:37:42
344872,2016-03-24 18:56:05,T4_Hochdach_/_langer_Radstand,privat,Angebot,3500,test,bus,2001,manuell,0,transporter,150000,0,diesel,volkswagen,,2016-03-24 00:00:00,0,1683,2016-04-05 10:18:25
52931,2016-03-19 19:52:34,Renault_Twingo_1.2_16V_gepflegt_150000km_TÜV_6/2017_Servo_Zv,privat,Angebot,999,control,kleinwagen,2001,manuell,75,twingo,150000,3,benzin,renault,nein,2016-03-19 00:00:00,0,46045,2016-03-25 17:54:43
98821,2016-03-26 19:46:24,Volkswagen_Golf_Variant_2.0_TDI_DPF_17_Zoll_Style,privat,Angebot,9699,control,kombi,2012,manuell,140,golf,150000,1,diesel,volkswagen,nein,2016-03-26 00:00:00,0,89075,2016-04-06 09:45:13
66577,2016-03-22 20:56:28,Volkswagen_Passat_CC_2.0_TSI_DSG_R_Line/_Panorama/_ACC,privat,Angebot,19499,control,coupe,2011,automatik,211,passat,70000,5,benzin,volkswagen,nein,2016-03-22 00:00:00,0,23795,2016-04-06 16:16:54
219767,2016-03-08 07:55:59,BMW_523i_Super_Zustand_151_TKm,privat,Angebot,1599,test,limousine,1996,manuell,170,5er,150000,4,benzin,bmw,nein,2016-03-08 00:00:00,0,9130,2016-04-06 06:46:38
324206,2016-03-05 14:09:22,Volkswagen_Der_Fuerhling_kommt_..._Golf_Cabrio_2.0_sportlich,privat,Angebot,4500,test,cabrio,2003,manuell,116,golf,150000,1,benzin,volkswagen,nein,2016-03-04 00:00:00,0,61348,2016-04-05 19:17:54
158039,2016-03-17 17:47:07,Tausche_schrottwagen_gegen_e93_oder_andere_Cabriolet_ab_2006,privat,Angebot,0,control,limousine,2005,manuell,0,,150000,5,benzin,sonstige_autos,nein,2016-03-17 00:00:00,0,12347,2016-03-17 17:47:07
64110,2016-03-08 17:48:08,VW_PASSAT_3BG_1.6_MODELL_2003_EURO_4,privat,Angebot,1950,control,kombi,2002,manuell,102,passat,150000,11,benzin,volkswagen,nein,2016-03-08 00:00:00,0,12049,2016-03-12 17:16:44
179964,2016-03-05 14:53:54,Mazda_323_F,privat,Angebot,700,control,limousine,1995,manuell,114,3_reihe,150000,10,benzin,mazda,nein,2016-03-05 00:00:00,0,56567,2016-03-17 15:18:17
321762,2016-03-25 12:49:01,Peugeot_306_/_Stoppelfeldrenner_/_Renner_/_Stockcar_/_Spassmobil,privat,Angebot,600,test,kleinwagen,1997,manuell,75,3_reihe,150000,12,benzin,peugeot,,2016-03-25 00:00:00,0,88477,2016-04-06 13:46:47
57291,2016-03-19 08:53:46,Golf3_diesel_1_9l__t3_bus_motor,privat,Angebot,350,test,limousine,1996,manuell,75,golf,150000,10,diesel,volkswagen,,2016-03-19 00:00:00,0,39576,2016-03-19 09:45:52
124743,2016-03-31 10:36:19,BMW_335i_Aut.,privat,Angebot,19500,control,limousine,2008,automatik,306,3er,125000,11,benzin,bmw,nein,2016-03-31 00:00:00,0,22305,2016-04-04 03:18:00
350351,2016-03-12 22:52:27,Fiat_Punto_Tuev_Neu,privat,Angebot,950,control,kleinwagen,2000,manuell,60,punto,150000,2,benzin,fiat,,2016-03-12 00:00:00,0,50321,2016-03-20 07:45:45
308886,2016-03-27 22:53:15,Audi_A6_Avant_3.0_TFSI_quattro_Navi_Bose_Leder_P,privat,Angebot,33750,test,kombi,2012,automatik,300,a6,70000,1,benzin,audi,nein,2016-03-27 00:00:00,0,89250,2016-04-06 01:15:27
354309,2016-03-10 17:45:51,Mercedes_Benz_C_Klasse_220_CDi_T_DPF_Eleganse,privat,Angebot,2600,control,kombi,2003,automatik,150,c_klasse,150000,0,diesel,mercedes_benz,ja,2016-03-10 00:00:00,0,40597,2016-03-14 15:46:24
370041,2016-03-21 09:54:10,Renault_Scenic_2.0_16V_RXi_139_PS,privat,Angebot,1000,control,bus,2001,automatik,139,scenic,150000,1,benzin,renault,nein,2016-03-21 00:00:00,0,86316,2016-04-06 02:45:33
134894,2016-03-15 18:46:32,mehrere_Kleinwagen_mit_Tuev_neu_ab_950__,privat,Angebot,950,control,kleinwagen,1998,manuell,50,golf,150000,8,benzin,volkswagen,,2016-03-15 00:00:00,0,26670,2016-03-17 14:18:02
234571,2016-03-12 12:56:37,Bmw_525tds_Kombi_mit_Anhaenger_Kupplung!!!,privat,Angebot,650,test,kombi,1998,automatik,143,5er,150000,1,diesel,bmw,ja,2016-03-12 00:00:00,0,34326,2016-03-19 10:45:54
271186,2016-03-21 01:59:03,Mercedes_Benz_E280_Avantgarde_1Hand_Automatic_Leder_Shz_Neu_Tuev,privat,Angebot,1999,test,limousine,2001,automatik,204,e_klasse,150000,12,benzin,mercedes_benz,,2016-03-21 00:00:00,0,70839,2016-03-23 19:20:11
348946,2016-03-19 09:51:41,Astra_fahrbereit,privat,Angebot,699,test,kleinwagen,1996,manuell,0,astra,150000,5,benzin,opel,nein,2016-03-19 00:00:00,0,27753,2016-03-19 10:40:55
229065,2016-03-06 14:21:47,Volkswagen_Touran_1.9_TDI_DPF_United,privat,Angebot,9700,control,bus,2008,manuell,105,touran,100000,12,diesel,volkswagen,nein,2016-03-06 00:00:00,0,61440,2016-03-15 16:44:34
158083,2016-03-08 13:45:39,TAUSCHE_BMW_E46_320i,privat,Angebot,2250,control,,1998,manuell,150,3er,150000,5,,bmw,nein,2016-03-08 00:00:00,0,66679,2016-03-09 20:45:59
8396,2016-03-13 18:52:47,BMW_116d,privat,Angebot,15499,test,limousine,2013,manuell,116,1er,60000,4,diesel,bmw,nein,2016-03-13 00:00:00,0,22177,2016-04-06 18:15:32
8968,2016-03-06 14:38:34,Volkswagen_Golf_V_GTI_NOTVERKAUF,privat,Angebot,8250,control,limousine,2006,manuell,200,golf,150000,9,benzin,volkswagen,nein,2016-03-06 00:00:00,0,27383,2016-03-14 21:16:49
340194,2016-04-05 04:51:42,Ford_Fiesta_weiss,privat,Angebot,1250,control,kleinwagen,2001,manuell,50,fiesta,150000,7,benzin,ford,,2016-04-05 00:00:00,0,65929,2016-04-05 12:27:55
135366,2016-04-05 08:55:22,Ford_Focus_C_Max_2_0_tdci_dpf_Ghia,privat,Angebot,3499,test,bus,2004,manuell,136,c_max,150000,8,diesel,ford,nein,2016-04-05 00:00:00,0,52525,2016-04-05 09:46:04
333814,2016-03-29 22:37:32,Nissan_Qashqai_1.6_360__AHK_18ZOLL,privat,Angebot,15490,test,suv,2013,manuell,117,qashqai,30000,7,benzin,nissan,nein,2016-03-29 00:00:00,0,44287,2016-04-06 11:47:13
239700,2016-03-09 10:52:09,Volkswagen_Touran_1.9_TDI_Trendline,privat,Angebot,4900,control,bus,2004,manuell,105,touran,150000,6,diesel,volkswagen,nein,2016-03-09 00:00:00,0,92318,2016-04-05 15:17:02
339765,2016-03-09 13:56:09,Volvo_S60_D5,privat,Angebot,3500,control,limousine,2003,automatik,163,s60,150000,10,diesel,volvo,nein,2016-03-09 00:00:00,0,51109,2016-03-09 14:42:37
126991,2016-03-15 17:52:28,Ford_Focus_zu_verkaufen,privat,Angebot,1000,control,kombi,1999,manuell,119,focus,150000,12,benzin,ford,nein,2016-03-15 00:00:00,0,31789,2016-03-22 21:48:06
178614,2016-03-24 21:00:30,BMW_X6_xDrive35d_HeadUp_Kamera_MPaket_F1_BlackEditio,privat,Angebot,24999,test,limousine,2008,automatik,349,x_reihe,150000,1,diesel,bmw,nein,2016-03-24 00:00:00,0,44135,2016-03-30 23:45:59
31012,2016-03-23 20:57:14,BMW_523i_Automatik__Navi__Leder__AHK__LPG_Gas,privat,Angebot,1700,test,limousine,1999,automatik,170,3er,150000,9,lpg,bmw,nein,2016-03-23 00:00:00,0,97762,2016-03-23 21:43:30
39585,2016-03-22 17:43:44,Renault_Espace_Automatik_Getriebe_Defekt,privat,Angebot,0,control,bus,1999,automatik,190,espace,150000,12,benzin,renault,ja,2016-03-22 00:00:00,0,52445,2016-03-22 17:43:44
267869,2016-03-13 19:36:37,Volkswagen_VW_Golf_4_1_6l,privat,Angebot,850,control,kleinwagen,2001,manuell,105,golf,150000,1,benzin,volkswagen,nein,2016-03-13 00:00:00,0,83629,2016-03-30 05:15:54
180785,2016-03-30 16:38:44,Opel_Astra_1.6_CDTI_DPF_ecoFLEX_Sports_TourerStar...,privat,Angebot,15950,test,kombi,2015,manuell,136,astra,30000,3,diesel,opel,nein,2016-03-30 00:00:00,0,36151,2016-04-07 07:15:51
12813,2016-04-05 22:36:37,Auto_VW_Passat_Diesel_1.9_TDI_110Ps_TÜV_3/18_AHK_1998_LESEN,privat,Angebot,900,control,kombi,1998,,110,passat,150000,6,diesel,volkswagen,ja,2016-04-05 00:00:00,0,30900,2016-04-05 22:36:37
292146,2016-04-04 15:54:02,Polo_6N_mit_neu_tuev,privat,Angebot,1200,test,kleinwagen,1998,manuell,44,polo,150000,2,,volkswagen,,2016-04-04 00:00:00,0,57645,2016-04-05 12:09:12
327764,2016-03-07 19:44:40,BMW_318_Ci_Aut.,privat,Angebot,9900,control,cabrio,2006,automatik,150,3er,150000,2,benzin,bmw,nein,2016-03-07 00:00:00,0,82178,2016-04-07 09:45:53
5876,2016-04-04 19:38:34,Opel_Corsa_1.0_12V_Edition,privat,Angebot,5800,test,kleinwagen,2009,manuell,60,corsa,60000,4,benzin,opel,nein,2016-04-04 00:00:00,0,58256,2016-04-06 21:45:25
202342,2016-03-27 13:44:04,Nissan_GT_R_Black_Edition_Kamera_Navi,privat,Angebot,62500,test,coupe,2011,automatik,530,andere,60000,4,benzin,nissan,nein,2016-03-27 00:00:00,0,30179,2016-04-07 09:16:19
222279,2016-03-11 20:58:29,OPEL_Meriva,privat,Angebot,5000,control,bus,2007,manuell,90,meriva,90000,11,benzin,opel,nein,2016-03-11 00:00:00,0,91541,2016-03-20 09:20:23
104750,2016-03-09 20:53:56,Opel_Corsa_B_Teile,privat,Angebot,0,test,kleinwagen,1992,manuell,45,corsa,5000,2,benzin,opel,nein,2016-03-09 00:00:00,0,28327,2016-03-15 10:17:32
8039,2016-03-23 22:53:35,Opel_Astra_Twin_Top_1.9_CDTI_Cosmo_/_DPF__Service_NEU,privat,Angebot,8000,test,cabrio,2007,manuell,150,astra,125000,2,diesel,opel,nein,2016-03-23 00:00:00,0,38524,2016-04-06 15:17:28
157568,2016-03-17 07:56:24,Kofferraumwanne_sehr_schoen,privat,Angebot,10,control,,2000,,0,focus,5000,0,,ford,,2016-03-17 00:00:00,0,64750,2016-04-06 05:16:29
79410,2016-03-19 17:49:09,Mercedes_Benz_C_250_TD_Esprit,privat,Angebot,1850,control,limousine,1997,automatik,150,c_klasse,150000,5,diesel,mercedes_benz,nein,2016-03-19 00:00:00,0,53945,2016-04-07 04:44:40
318807,2016-03-17 00:59:15,Volkswagen_Golf_1.6_Goal,privat,Angebot,4950,test,limousine,2006,manuell,102,golf,150000,7,benzin,volkswagen,nein,2016-03-16 00:00:00,0,26835,2016-04-06 02:17:36
333969,2016-04-03 16:41:36,Polo_zu_verkaufen_3_Tuere,privat,Angebot,820,control,,2017,,75,polo,150000,0,,volkswagen,nein,2016-04-03 00:00:00,0,46395,2016-04-03 16:41:36
135472,2016-03-11 19:51:19,Audi_A2_1.4_Silber_viele_Neuteile....!!!!!!!,privat,Angebot,3200,test,kleinwagen,2000,manuell,75,a2,150000,5,benzin,audi,nein,2016-03-11 00:00:00,0,58840,2016-03-12 10:17:58
299052,2016-03-16 12:55:38,Opel_Corsa_1.0_Steuerkette_TÜV,privat,Angebot,1299,test,kleinwagen,2003,manuell,58,corsa,150000,3,benzin,opel,nein,2016-03-16 00:00:00,0,24114,2016-03-16 13:42:25
79378,2016-03-23 05:36:28,Peugeot_406_Break_Premium_Avantage,privat,Angebot,3200,test,kombi,2003,manuell,136,4_reihe,150000,5,benzin,peugeot,nein,2016-03-23 00:00:00,0,79108,2016-04-07 04:46:26
369194,2016-04-04 18:57:08,2_citroen_saxos_einer_hat_noch_tuev_bis_mai_17,privat,Angebot,400,test,kleinwagen,1998,manuell,60,andere,150000,12,benzin,citroen,ja,2016-04-04 00:00:00,0,17159,2016-04-06 21:16:29
64984,2016-03-11 18:52:23,Vw_T2a_Westfalia_Karosse_Bj.70_rollbar_auf_Achsen__Tueren_klappen,privat,Angebot,1899,test,bus,1970,,0,transporter,150000,0,benzin,volkswagen,,2016-03-11 00:00:00,0,41179,2016-03-23 17:17:21
176566,2016-03-08 20:49:46,Volkswagen_Passat_Variant,privat,Angebot,2000,control,kombi,1998,automatik,125,passat,150000,2,benzin,volkswagen,nein,2016-03-08 00:00:00,0,56843,2016-04-05 21:15:42
3326,2016-03-05 16:45:19,Passat_Variant_2.5_TDI_Highline_Automatik_Tiefer,privat,Angebot,5900,control,kombi,2001,automatik,150,passat,150000,8,diesel,volkswagen,nein,2016-03-05 00:00:00,0,38539,2016-03-09 21:18:40
260754,2016-03-25 18:49:31,Citroën_saxo_1.1_tonik_Silber,privat,Angebot,1000,test,,2016,,60,andere,5000,6,,citroen,nein,2016-03-25 00:00:00,0,58675,2016-03-25 18:49:31
174515,2016-03-29 00:36:21,Porsche_Carrera_4S_PDK_Sportabgas_50_Jahre_Sport_Chrono,privat,Angebot,108500,test,cabrio,2013,automatik,400,911,30000,11,benzin,porsche,nein,2016-03-29 00:00:00,0,42929,2016-04-05 17:26:05
176093,2016-04-01 10:38:56,Unfallwagen_Ford_Focus_zum_Verkauf_oder_Tausch_gegen_Muenzen,privat,Angebot,500,control,limousine,1999,automatik,75,focus,20000,10,benzin,ford,ja,2016-04-01 00:00:00,0,38440,2016-04-01 10:38:56
286280,2016-04-02 23:53:48,Renault_Clio*_TÜV&AU_NEU_04_2018*Kein_Rost*Wenig_KM*Scheckheft,privat,Angebot,799,test,kleinwagen,1997,manuell,218,clio,125000,12,benzin,renault,nein,2016-04-02 00:00:00,0,6686,2016-04-07 07:16:15
240771,2016-03-27 13:58:31,Opel_Corsa_Swing,privat,Angebot,1390,test,kleinwagen,1993,manuell,60,corsa,125000,11,benzin,opel,nein,2016-03-27 00:00:00,0,40229,2016-04-07 09:46:31
370989,2016-03-31 13:52:53,Nissan_Micra_1.0,privat,Angebot,1499,control,kleinwagen,1999,manuell,54,micra,80000,3,benzin,nissan,nein,2016-03-31 00:00:00,0,32825,2016-04-06 07:15:55
322368,2016-03-19 13:53:15,Golf_Kombi_1.6_TDI_Highline,privat,Angebot,4200,test,kombi,2011,,0,golf,125000,11,diesel,volkswagen,nein,2016-03-19 00:00:00,0,51399,2016-03-19 13:53:15
169787,2016-03-17 18:36:45,Ford_Mondeo_3.0_V6_ST_220,privat,Angebot,6800,control,limousine,2005,manuell,226,mondeo,150000,5,benzin,ford,nein,2016-03-17 00:00:00,0,66578,2016-03-17 18:36:45
35689,2016-03-25 14:47:06,Vw_Polo_N6_TÜV_bis_08.2016,privat,Angebot,400,control,kleinwagen,1997,manuell,60,polo,150000,4,benzin,volkswagen,,2016-03-25 00:00:00,0,13585,2016-04-06 17:46:43
50599,2016-03-29 18:49:52,Bastlerfahrzeug,privat,Angebot,350,control,kombi,1998,,136,omega,150000,5,benzin,opel,,2016-03-29 00:00:00,0,48308,2016-03-29 18:49:52
56688,2016-04-04 13:52:03,Mercedes_Sprinter_316_aus__2012__Lang/Hoch_Motorschaden._1.Hand,privat,Angebot,0,control,andere,2012,manuell,0,sprinter,150000,0,diesel,mercedes_benz,,2016-04-04 00:00:00,0,86971,2016-04-06 15:16:35
238647,2016-03-21 18:58:37,MINI_Mini_Cooper_Cabrio,privat,Angebot,16950,test,cabrio,2012,manuell,122,cooper,60000,3,benzin,mini,nein,2016-03-21 00:00:00,0,34246,2016-04-06 21:16:52
288097,2016-03-05 17:44:28,Renault_Megane_1.6_RT,privat,Angebot,850,test,limousine,1998,manuell,75,megane,150000,3,benzin,renault,nein,2016-03-05 00:00:00,0,64283,2016-03-20 22:17:13
104216,2016-03-24 15:53:50,MITSUBISHI_COLT_AUTOMATIK_TÜV_04/2017......,privat,Angebot,450,test,kleinwagen,1996,automatik,75,colt,150000,6,benzin,mitsubishi,nein,2016-03-24 00:00:00,0,36124,2016-03-24 16:40:16
210266,2016-03-09 12:46:40,Opel_Astra_Cabrio_2.0_16V_Turbo,privat,Angebot,7500,control,cabrio,2003,manuell,200,astra,125000,10,benzin,opel,nein,2016-03-09 00:00:00,0,79761,2016-04-05 23:18:00
28444,2016-03-05 17:43:21,BMW_316i_mit_TÜV,privat,Angebot,550,test,,2016,manuell,0,3er,150000,0,benzin,bmw,,2016-03-05 00:00:00,0,83349,2016-03-08 05:16:37
36258,2016-03-15 11:41:44,Verkaufe_Peugeout_206,privat,Angebot,700,test,kleinwagen,2000,manuell,60,3_reihe,150000,10,benzin,peugeot,ja,2016-03-15 00:00:00,0,99310,2016-03-18 03:47:10
185383,2016-04-02 23:58:35,BMW_alpina_b_3.3,privat,Angebot,0,test,limousine,2000,manuell,280,3er,150000,5,,bmw,,2016-04-02 00:00:00,0,49457,2016-04-05 05:44:51
246867,2016-03-16 08:36:57,Golf_4_1.6_Benzin__TÜV_10/2017__8_Fach_bereift,privat,Angebot,1000,test,limousine,1998,manuell,101,golf,150000,4,benzin,volkswagen,nein,2016-03-16 00:00:00,0,88213,2016-03-28 01:16:51
264208,2016-03-06 23:47:22,Verkaufe_oder_Tausche,privat,Angebot,4000,control,andere,2003,manuell,125,andere,150000,0,lpg,kia,,2016-03-06 00:00:00,0,99752,2016-04-05 15:17:52
209778,2016-03-09 19:46:49,BMW_530d_Touring_Aut._Voll,privat,Angebot,12500,test,kombi,2007,automatik,235,5er,150000,3,diesel,bmw,nein,2016-03-09 00:00:00,0,31535,2016-03-14 13:44:10
279196,2016-03-26 17:43:50,BMW_530i,privat,Angebot,5000,control,limousine,2003,manuell,231,5er,150000,10,benzin,bmw,nein,2016-03-26 00:00:00,0,63755,2016-04-06 06:16:20
73810,2016-03-09 22:55:18,Mercedes_C_200,privat,Angebot,850,test,kombi,1998,manuell,125,,150000,3,benzin,mercedes_benz,,2016-03-09 00:00:00,0,66687,2016-04-05 15:47:36
12318,2016-04-06 02:36:37,Trabant_601_K_Ez_69_e_Karosse_78,privat,Angebot,990,test,kombi,1969,,26,,5000,0,,trabant,,2016-04-06 00:00:00,0,4758,2016-04-06 02:36:37
370563,2016-03-31 13:44:40,Top_gepflegter_Kia_Venga_1.6_CVVT_Edition_7,privat,Angebot,10750,control,limousine,2012,manuell,126,andere,50000,12,benzin,kia,nein,2016-03-31 00:00:00,0,10243,2016-04-07 10:36:38
354894,2016-03-22 22:54:13,Kia_Picanto_1.1_EX,privat,Angebot,2650,control,kleinwagen,2007,manuell,65,picanto,125000,3,benzin,kia,nein,2016-03-22 00:00:00,0,44357,2016-04-03 04:45:54
255101,2016-04-04 10:50:49,Fiat_Punto_GT_3,privat,Angebot,2350,control,kleinwagen,1999,manuell,131,punto,150000,0,benzin,fiat,nein,2016-04-04 00:00:00,0,79540,2016-04-06 11:46:34
64865,2016-03-10 18:45:07,Opel_Omega_2_5_V6_LEDER_XENNON_TEMPOMATH,privat,Angebot,2100,test,limousine,1999,manuell,170,omega,125000,12,benzin,opel,nein,2016-03-10 00:00:00,0,44263,2016-04-05 23:18:19
204856,2016-03-10 20:25:28,Opel_Astra_1.6_Caravan_Comfort,privat,Angebot,1350,control,kombi,2002,manuell,84,astra,150000,10,benzin,opel,nein,2016-03-10 00:00:00,0,61169,2016-03-20 21:15:41
327430,2016-04-04 00:58:10,Renault_Megane_2.0_Coupe_Cabriolet_Confort_Privilege,privat,Angebot,4800,test,cabrio,2004,manuell,135,megane,100000,4,benzin,renault,nein,2016-04-03 00:00:00,0,34376,2016-04-06 09:16:43
344888,2016-03-23 22:37:20,Toyota_Auris_1.8_VVT_i_Hybrid_Automatik_START_Edition,privat,Angebot,14890,test,limousine,2013,automatik,99,auris,30000,5,hybrid,toyota,nein,2016-03-23 00:00:00,0,2977,2016-04-06 13:17:24
271896,2016-03-10 18:52:30,VW_Golf_4_1.6_TÜV_12/2016_Klima_Zahnriemen_NEU,privat,Angebot,1499,test,kombi,1999,manuell,110,golf,150000,9,benzin,volkswagen,nein,2016-03-10 00:00:00,0,38723,2016-03-10 18:52:30
359097,2016-03-10 14:54:36,Renault_Twingo_Dynamipe_1.2._16_V_Panorama_Glas_Dach,privat,Angebot,5750,test,,2017,manuell,76,twingo,90000,2,,renault,nein,2016-03-10 00:00:00,0,47167,2016-03-15 06:15:13
11397,2016-03-09 00:51:39,Tausche_oder_verkaufe_Opel_vectra_b_cc_Tuev_neu_112401_km,privat,Angebot,1790,control,limousine,1997,manuell,101,vectra,125000,4,benzin,opel,nein,2016-03-09 00:00:00,0,60489,2016-03-11 13:17:44
25626,2016-03-07 19:06:19,Peugeot_206_TÜV_09/2017_Klimaanlage,privat,Angebot,965,test,kleinwagen,2002,manuell,75,,150000,4,benzin,peugeot,,2016-03-07 00:00:00,0,63225,2016-03-15 01:45:33
233410,2016-03-26 00:29:41,Daewoo_Espero_1_8_Automatik,privat,Angebot,430,control,limousine,1997,,95,andere,80000,3,benzin,daewoo,nein,2016-03-25 00:00:00,0,60386,2016-03-26 15:43:43
46206,2016-04-01 11:51:34,Hyundai_Sonata_2.4_GLS,privat,Angebot,4400,test,limousine,2005,manuell,162,andere,90000,7,benzin,hyundai,nein,2016-04-01 00:00:00,0,50827,2016-04-07 08:17:19
93634,2016-03-13 13:39:13,Volkswagen_Polo_45_Servo_Comfortline__HU_09/2017,privat,Angebot,800,test,kleinwagen,1997,manuell,50,polo,150000,7,benzin,volkswagen,nein,2016-03-13 00:00:00,0,26135,2016-03-17 13:16:25
118228,2016-03-31 10:51:47,RESERVIERT_Bis_18_uhr_Touareg_2.5_TDI_R5_MOTORSCHADEN,privat,Angebot,4300,control,suv,2005,manuell,174,touareg,150000,7,,volkswagen,ja,2016-03-31 00:00:00,0,16515,2016-04-02 06:16:47
227591,2016-04-02 09:54:09,BMW_520iA_E39_NAVI__LEDER__GLASDACH__AHK...,privat,Angebot,6890,control,limousine,2003,automatik,170,5er,125000,6,benzin,bmw,nein,2016-04-02 00:00:00,0,93326,2016-04-02 09:54:09
260743,2016-03-24 13:38:02,VW_Polo_Auto,privat,Angebot,799,control,,2017,manuell,0,polo,150000,0,benzin,volkswagen,,2016-03-24 00:00:00,0,22119,2016-04-03 03:45:06
272865,2016-03-24 10:54:15,Mercedes_Benz_280_SE_Oldtimer_guter_Zustand,privat,Angebot,2900,test,limousine,1983,automatik,185,andere,150000,3,benzin,mercedes_benz,nein,2016-03-24 00:00:00,0,12357,2016-03-30 11:45:46
258385,2016-03-05 17:56:29,Toyota_Corolla_in_Berlin_zu_verkaufen!,privat,Angebot,3651,test,kombi,2003,manuell,97,corolla,100000,6,,toyota,nein,2016-03-05 00:00:00,0,10715,2016-03-12 09:56:01
27665,2016-03-05 21:53:10,Smart_smart_forfour_passion,privat,Angebot,3400,test,kleinwagen,2006,manuell,95,forfour,100000,9,benzin,smart,nein,2016-03-05 00:00:00,0,96528,2016-04-07 12:47:12
51836,2016-03-28 13:56:51,BMW_X3_2.5i,privat,Angebot,9980,test,suv,2004,manuell,192,x_reihe,125000,11,benzin,bmw,nein,2016-03-28 00:00:00,0,31275,2016-04-06 17:46:00
241567,2016-03-08 15:57:26,Vw_Bus_T3_Bj._1992_Hochdach__alter_Postbus__1_9l_Saugdiesel,privat,Angebot,950,test,bus,1992,manuell,68,transporter,150000,10,diesel,volkswagen,ja,2016-03-08 00:00:00,0,26125,2016-03-15 00:18:01
247577,2016-04-03 22:59:23,VW_Touran__2007__2_0l__103kw__140ps,privat,Angebot,7000,control,bus,2007,manuell,140,touran,150000,10,diesel,volkswagen,nein,2016-04-03 00:00:00,0,33100,2016-04-06 00:45:08
117395,2016-03-23 18:47:58,VW_polo_zum_super_Preis,privat,Angebot,1450,test,kleinwagen,1995,manuell,0,polo,150000,0,,volkswagen,nein,2016-03-23 00:00:00,0,91058,2016-03-23 18:47:58
315671,2016-03-23 10:58:29,Opel_astra_g,privat,Angebot,300,control,coupe,2000,manuell,75,astra,150000,7,benzin,opel,,2016-03-23 00:00:00,0,66625,2016-03-26 03:48:19
259263,2016-03-21 09:50:57,Audi_RS_6_Mod_2004_Guter_Zustand_Kein_Wartungsstau_!!!,privat,Angebot,14900,control,kombi,2004,automatik,450,andere,150000,4,benzin,audi,nein,2016-03-21 00:00:00,0,17255,2016-04-06 03:16:58
182198,2016-03-10 13:55:01,Seat_Leon_Fr_5F,privat,Angebot,17500,test,coupe,2015,manuell,122,leon,20000,3,benzin,seat,,2016-03-10 00:00:00,0,93336,2016-03-11 14:18:07
316623,2016-03-31 10:53:47,Volvo_V70_2.5T,privat,Angebot,2200,control,kombi,1997,automatik,144,v70,150000,11,benzin,volvo,nein,2016-03-31 00:00:00,0,22303,2016-04-06 03:46:56
44663,2016-03-06 20:47:37,Mercedes_Benz_B_200_Autotronic,privat,Angebot,7500,control,bus,2006,automatik,136,b_klasse,150000,4,benzin,mercedes_benz,nein,2016-03-06 00:00:00,0,51145,2016-04-07 00:46:13
312912,2016-03-20 08:56:30,Audi_a3_blau,privat,Angebot,1090,test,,2016,manuell,101,a3,150000,0,benzin,audi,nein,2016-03-20 00:00:00,0,32429,2016-03-20 09:47:44
165069,2016-03-30 17:57:08,Fiat_Stilo_1.8_16V_Dynamic,privat,Angebot,1900,control,limousine,2001,manuell,133,stilo,150000,10,benzin,fiat,nein,2016-03-30 00:00:00,0,26892,2016-04-07 09:44:56
19614,2016-04-04 20:44:01,Volkswagen_Multivan_T4_TDI,privat,Angebot,11900,control,bus,2000,manuell,151,transporter,150000,11,diesel,volkswagen,nein,2016-04-04 00:00:00,0,38667,2016-04-06 22:46:43
346046,2016-03-16 20:38:34,Viel_auto_fuer_kleines_Geld_tuev_bis_10/17,privat,Angebot,650,control,kleinwagen,2004,manuell,54,twingo,150000,9,,renault,,2016-03-16 00:00:00,0,6628,2016-04-07 06:45:38
312266,2016-03-27 23:56:16,Ford_KA_TÜV_Neu_Top,privat,Angebot,897,test,kleinwagen,1998,manuell,60,ka,150000,12,benzin,ford,nein,2016-03-23 00:00:00,0,29462,2016-03-29 06:47:40
229841,2016-03-20 20:55:36,Fiat_Grande_Punto_1.4_8V_Racing,privat,Angebot,4650,test,kleinwagen,2009,manuell,77,andere,50000,7,benzin,fiat,nein,2016-03-20 00:00:00,0,83533,2016-04-07 06:17:43
44408,2016-04-01 13:52:45,Skoda_Octavia_Combi_2.0_TDI_Ambiente,privat,Angebot,5400,test,kombi,2007,manuell,140,octavia,150000,1,diesel,skoda,nein,2016-04-01 00:00:00,0,93413,2016-04-01 14:42:26
166996,2016-03-20 20:55:36,Mercedes_Benz_B_200_CDI,privat,Angebot,8400,test,bus,2008,automatik,140,b_klasse,150000,6,diesel,mercedes_benz,nein,2016-03-20 00:00:00,0,66265,2016-04-07 06:17:43
13167,2016-04-02 14:45:47,FORD_KA.___Bj_06____80tkm_,privat,Angebot,400,test,,2006,manuell,59,ka,80000,0,benzin,ford,,2016-04-02 00:00:00,0,99734,2016-04-06 13:15:52
232047,2016-03-24 01:58:06,BMW_316i_compact_/1JAHR_TÜV&AU/ELK_SCHIEBEDACH_TOP,privat,Angebot,1299,test,limousine,1998,manuell,102,3er,150000,1,benzin,bmw,nein,2016-03-24 00:00:00,0,51645,2016-03-28 16:15:36
4736,2016-03-11 10:55:24,Opel_Corsa_1.3_CDTI_144TKM_Klimaautomatik,privat,Angebot,3190,test,kleinwagen,2003,manuell,69,corsa,150000,9,diesel,opel,nein,2016-03-11 00:00:00,0,63839,2016-03-12 15:17:33
151285,2016-03-08 11:52:53,Mercedes_Benz_G_400_CDI_Automatik,privat,Angebot,46900,control,cabrio,2002,automatik,250,g_klasse,150000,3,diesel,mercedes_benz,nein,2016-03-08 00:00:00,0,45127,2016-03-09 02:17:52
352130,2016-04-02 16:37:00,Mercedes_Benz_c180_w202,privat,Angebot,1800,control,limousine,1998,manuell,122,c_klasse,150000,3,benzin,mercedes_benz,nein,2016-04-02 00:00:00,0,16868,2016-04-02 17:40:38
189582,2016-03-07 23:51:14,Chevrolet_Matiz_1.0_SX_Top_Zustand_TÜV_Neu,privat,Angebot,2999,test,kleinwagen,2007,manuell,67,matiz,50000,2,benzin,chevrolet,nein,2016-03-07 00:00:00,0,63607,2016-03-27 10:46:07
129114,2016-03-22 12:46:11,Hyundai_Santa_Fe_2.7_V6_4WD_GLS,privat,Angebot,3990,control,suv,2004,automatik,173,santa,150000,4,benzin,hyundai,ja,2016-03-22 00:00:00,0,22395,2016-03-25 04:20:01
222309,2016-03-19 18:46:59,Zu_verkaufen,privat,Angebot,2999,test,,2017,,0,a4,150000,0,diesel,audi,,2016-03-19 00:00:00,0,78467,2016-04-07 06:15:53
212750,2016-03-14 19:45:04,MINI_Cooper_D_Countryman,privat,Angebot,14300,control,kleinwagen,2012,manuell,111,cooper,50000,10,diesel,mini,nein,2016-03-14 00:00:00,0,63165,2016-03-23 22:47:52
115587,2016-03-28 16:53:00,Skoda_Yeti_1.2_TSi_Active_DSG_Anhaengerkupplung_1._Hd.,privat,Angebot,12450,test,suv,2012,automatik,105,yeti,60000,5,benzin,skoda,nein,2016-03-28 00:00:00,0,10709,2016-04-06 22:17:45
286989,2016-03-22 23:56:07,Audi_A3_Cabrio_!Top_Zustand!_Ambition_Xenon_Alcantara,privat,Angebot,14900,test,cabrio,2008,manuell,160,a3,100000,6,benzin,audi,nein,2016-03-22 00:00:00,0,85774,2016-04-07 06:46:30
292832,2016-03-16 13:25:17,gepflegter_VW_Polo___nur_65000_km,privat,Angebot,2450,test,kleinwagen,2001,automatik,60,polo,70000,6,benzin,volkswagen,nein,2016-03-16 00:00:00,0,61479,2016-03-18 06:30:36
343551,2016-03-22 14:46:36,Mercedes_Benz_CLK_Coupe_230_Kompressor_Avantgarde,privat,Angebot,3349,control,coupe,2000,manuell,197,clk,150000,8,benzin,mercedes_benz,nein,2016-03-22 00:00:00,0,88085,2016-03-26 15:45:44
121409,2016-03-27 00:46:22,Subaru_Impreza_2_0_GL_4_WD,privat,Angebot,3450,test,limousine,1997,manuell,116,impreza,50000,5,benzin,subaru,nein,2016-03-26 00:00:00,0,57074,2016-04-07 00:18:07
280270,2016-03-28 20:53:10,Ford_KA_mit_2_Jahren_TÜV,privat,Angebot,1400,control,kleinwagen,2000,manuell,50,ka,60000,6,benzin,ford,,2016-03-28 00:00:00,0,49549,2016-04-07 04:15:57
147620,2016-03-20 17:44:23,Jaguar_XF_3.0_V6_Diesel_S_F1_Schaltwippen,privat,Angebot,13490,test,limousine,2009,automatik,275,andere,150000,7,diesel,jaguar,nein,2016-03-20 00:00:00,0,59379,2016-03-21 20:45:15
151963,2016-04-03 13:36:22,Volkswagen_Polo_MIT_TÜV,privat,Angebot,650,control,kleinwagen,1997,manuell,50,polo,150000,9,benzin,volkswagen,nein,2016-04-03 00:00:00,0,36088,2016-04-05 12:18:11
246291,2016-03-29 20:25:19,Volkswagen_Golf_2.0_Trendline,privat,Angebot,3000,control,limousine,2001,manuell,116,golf,150000,10,benzin,volkswagen,nein,2016-03-29 00:00:00,0,60598,2016-03-31 17:29:33
299038,2016-03-26 21:50:37,Golf_4_1_8_T_agu_180_ps_Turbo,privat,Angebot,2000,control,kleinwagen,1998,manuell,180,,150000,5,benzin,volkswagen,ja,2016-03-26 00:00:00,0,56170,2016-04-06 23:46:12
337191,2016-03-08 00:37:15,Dodge_Coronet_500,privat,Angebot,24000,control,,1970,automatik,325,,70000,0,,sonstige_autos,,2016-03-08 00:00:00,0,67363,2016-03-08 06:46:39
351836,2016-03-19 14:59:28,BMW_5_er_Toring_Diesel_sehr_guter_Zustand,privat,Angebot,9500,test,kombi,2005,automatik,177,5er,150000,1,diesel,bmw,,2016-03-19 00:00:00,0,84371,2016-03-24 09:44:43
248963,2016-03-21 18:39:54,BMW_525tds,privat,Angebot,1350,test,limousine,2000,manuell,143,5er,150000,1,benzin,bmw,nein,2016-03-21 00:00:00,0,32049,2016-04-06 19:47:32
46307,2016-03-15 22:36:20,Ford_Fiesta_Klima_zv_el_fensterheber,privat,Angebot,1299,control,kleinwagen,2001,manuell,0,fiesta,125000,12,benzin,ford,,2016-03-15 00:00:00,0,24109,2016-03-26 02:16:02
314666,2016-04-01 09:46:06,VW_Passat_1.8_Kombi_TÜV_NEU,privat,Angebot,2790,test,kombi,2001,manuell,125,passat,150000,1,benzin,volkswagen,nein,2016-04-01 00:00:00,0,46045,2016-04-01 09:46:06
9651,2016-04-01 18:58:23,Mercedes_Benz_SLK_200_Kompressor_Automatik,privat,Angebot,12400,control,cabrio,2005,automatik,163,slk,100000,5,benzin,mercedes_benz,nein,2016-04-01 00:00:00,0,67459,2016-04-05 14:47:22
103786,2016-03-31 21:43:06,Seat_Exeo_ST_2.0_TDI_CR_Multitronic_Sport,privat,Angebot,13499,test,kombi,2012,automatik,143,exeo,60000,1,diesel,seat,,2016-03-31 00:00:00,0,38667,2016-04-06 16:45:40
219353,2016-03-12 17:43:08,Fiat_Grande_Punto_*Tuev_neu*_Gepflegter_Zustand_*,privat,Angebot,3190,test,andere,2009,manuell,65,punto,125000,7,benzin,fiat,,2016-03-12 00:00:00,0,33775,2016-03-19 18:48:39
288749,2016-03-13 16:48:18,Vw_Polo_Cross_9n3_1.9_tdi,privat,Angebot,5950,test,,2017,manuell,101,polo,150000,6,,volkswagen,nein,2016-03-13 00:00:00,0,71263,2016-04-06 17:45:36
32082,2016-03-28 02:32:41,Opel_Eco_flex__Diesel,privat,Angebot,5999,control,kleinwagen,2008,manuell,75,corsa,125000,3,diesel,opel,nein,2016-03-28 00:00:00,0,65760,2016-03-29 18:31:25
62758,2016-03-14 22:49:03,BMW_525d_touring,privat,Angebot,3600,control,kombi,2001,automatik,163,5er,150000,1,diesel,bmw,nein,2016-03-14 00:00:00,0,59073,2016-03-25 16:17:44
277872,2016-04-02 17:57:50,Porsche_911,privat,Angebot,39999,control,coupe,2004,,0,911,80000,8,benzin,porsche,nein,2016-04-02 00:00:00,0,26188,2016-04-02 18:40:55
138911,2016-03-31 11:58:06,Vw_Tiguan_bj_2.2012,privat,Angebot,19500,control,suv,2012,manuell,140,tiguan,80000,2,,volkswagen,nein,2016-03-31 00:00:00,0,79312,2016-04-06 04:46:46
271568,2016-03-21 13:55:10,BMW_X3_xDrive20d_Aut._Kur._XENON_1.HAND_SCHECK_LEDER,privat,Angebot,13980,test,suv,2009,automatik,177,x_reihe,150000,1,diesel,bmw,nein,2016-03-21 00:00:00,0,44532,2016-04-06 09:46:46
339429,2016-03-29 20:55:12,Trabant_601_Retro_/_Ratte_/_Low,privat,Angebot,2199,test,limousine,1990,manuell,26,601,60000,0,benzin,trabant,,2016-03-29 00:00:00,0,14712,2016-04-06 07:17:22
70418,2016-03-19 13:58:23,Vectra_C_2_2_Motor_Unfallauto_Bastler_Ersatzteilspender,privat,Angebot,0,test,,2005,manuell,125,vectra,150000,4,diesel,opel,ja,2016-03-19 00:00:00,0,66773,2016-04-02 20:16:26
126504,2016-03-19 16:50:58,C_200_CDI_Elegance,privat,Angebot,2700,test,limousine,2005,,0,c_klasse,150000,11,diesel,mercedes_benz,nein,2016-03-19 00:00:00,0,45699,2016-03-19 16:50:58
281150,2016-03-20 13:50:50,BMW_320td_compact_AHK_Tempomat_Checkheftgepflegt,privat,Angebot,2999,test,limousine,2002,manuell,150,3er,150000,11,diesel,bmw,nein,2016-03-20 00:00:00,0,22844,2016-03-31 20:47:09
23569,2016-03-16 19:43:17,Volkswagen_Lupo_1.4,privat,Angebot,1500,test,kleinwagen,1998,manuell,75,lupo,150000,11,benzin,volkswagen,nein,2016-03-16 00:00:00,0,39179,2016-03-25 22:15:55
150638,2016-03-10 23:37:12,Opel_Coras_B__1_4_Tuev_Neu___Zahnriemen_Neu_!_Servo_!,privat,Angebot,890,test,kleinwagen,1997,manuell,60,corsa,125000,8,benzin,opel,nein,2016-03-10 00:00:00,0,45701,2016-03-11 21:15:31
144313,2016-03-28 20:41:49,Ford_Kuga_2.5_4x4_Titanium_NAVI__Xenon__Sitzheizung,privat,Angebot,6390,control,suv,2012,manuell,200,kuga,150000,2,benzin,ford,ja,2016-03-28 00:00:00,0,81373,2016-04-07 02:47:03
269527,2016-04-07 13:06:35,VW_Golf_III_Euro_2,privat,Angebot,190,control,limousine,1996,manuell,60,golf,150000,11,benzin,volkswagen,,2016-04-07 00:00:00,0,56584,2016-04-07 13:25:20
139759,2016-04-01 23:56:34,Opel_Vectra_2.0_Edition_100,privat,Angebot,1099,control,limousine,1999,manuell,136,vectra,125000,7,benzin,opel,nein,2016-04-01 00:00:00,0,90443,2016-04-06 04:16:24
14014,2016-03-31 17:25:19,Mercedes_Benz_C_63_AMG._Letzte_Insp._vor_1000_Km_!_TÜV_Neu_!,privat,Angebot,33900,test,limousine,2009,automatik,457,c_klasse,100000,3,benzin,mercedes_benz,nein,2016-03-31 00:00:00,0,65479,2016-04-02 12:30:36
100524,2016-03-26 20:38:32,Golf_6_Variant_1.2,privat,Angebot,11500,control,kombi,2011,manuell,0,golf,70000,1,benzin,volkswagen,,2016-03-26 00:00:00,0,31303,2016-04-06 10:45:17
152371,2016-03-31 16:55:16,Golf_2_GTI_mit_TÜV,privat,Angebot,2600,control,limousine,1988,manuell,107,golf,150000,10,benzin,volkswagen,,2016-03-31 00:00:00,0,63584,2016-03-31 17:41:12
215788,2016-03-23 00:58:31,Twingo_2000,privat,Angebot,666,test,kleinwagen,2000,manuell,0,,150000,11,benzin,renault,,2016-03-22 00:00:00,0,10783,2016-04-07 06:46:30
213166,2016-03-12 09:47:45,Golf_7__Automatik_DSG__BMT__4_Tueren__Navi__ParkASSIST__Garantie,privat,Angebot,16750,control,limousine,2014,automatik,105,golf,20000,7,benzin,volkswagen,nein,2016-03-12 00:00:00,0,38448,2016-03-17 06:18:13
40814,2016-03-09 08:56:48,Honda_acoord_2.0__mit_Gas_lpg,privat,Angebot,800,test,,1999,manuell,148,accord,150000,7,,honda,,2016-03-09 00:00:00,0,44536,2016-04-07 11:15:20
301720,2016-03-14 15:46:45,Volkswagen_Golf_Cabrio_1.8_Avantgarde,privat,Angebot,550,control,cabrio,1995,manuell,90,golf,150000,3,benzin,volkswagen,nein,2016-03-14 00:00:00,0,83236,2016-03-15 10:44:25
350975,2016-04-01 12:53:25,BMW_318i__0151_75280483,privat,Angebot,2199,test,limousine,2001,manuell,118,3er,150000,4,benzin,bmw,nein,2016-04-01 00:00:00,0,90763,2016-04-07 10:15:57
55784,2016-04-03 15:42:27,Ford_Transit_Connect__Lang_,privat,Angebot,1750,test,bus,2008,manuell,75,transit,150000,1,diesel,ford,nein,2016-04-03 00:00:00,0,47119,2016-04-05 14:45:05
360201,2016-03-25 14:58:19,Mercedes_Benz_B_170,privat,Angebot,9400,control,bus,2007,manuell,116,b_klasse,50000,2,benzin,mercedes_benz,nein,2016-03-25 00:00:00,0,63654,2016-03-30 05:16:22
32262,2016-04-03 14:46:28,Volkswagen_Passat_CC_Sport_2_0_TDI___DSG_AUTOMATIK___EURO_5,privat,Angebot,14250,test,limousine,2009,automatik,140,passat,100000,4,diesel,volkswagen,nein,2016-04-03 00:00:00,0,66333,2016-04-05 13:45:55
38959,2016-03-19 20:46:56,Volkswagen_Polo_1.2_Style_TOP_ZUSTAND_8_Reifen_GARANTIE,privat,Angebot,8495,control,kleinwagen,2012,manuell,60,polo,50000,2,benzin,volkswagen,nein,2016-03-19 00:00:00,0,97618,2016-03-26 01:46:06
112764,2016-03-27 15:41:09,Volkswagen_Golf_1.8__Klima_,privat,Angebot,599,control,limousine,1996,manuell,75,golf,150000,6,benzin,volkswagen,nein,2016-03-27 00:00:00,0,23558,2016-04-07 12:18:00
168343,2016-03-27 09:56:28,Vectra_B_2.0_16v,privat,Angebot,1,test,limousine,2000,automatik,136,vectra,150000,0,benzin,opel,,2016-03-27 00:00:00,0,34576,2016-04-07 04:46:03
252601,2016-03-21 21:56:23,Nissan_Micra,privat,Angebot,300,control,kleinwagen,1997,manuell,60,micra,125000,3,benzin,nissan,ja,2016-03-21 00:00:00,0,40472,2016-04-07 02:16:32
200902,2016-03-25 21:37:24,Mercedes_Benz_Vaneo_CDI_1.7_Trend,privat,Angebot,4400,test,bus,2005,manuell,91,andere,150000,3,diesel,mercedes_benz,nein,2016-03-25 00:00:00,0,88069,2016-04-07 06:17:22
30158,2016-03-28 23:39:32,Volkswagen_Golf_1.9_Tdi_Kombi,privat,Angebot,4900,test,kombi,2008,manuell,105,golf,150000,0,diesel,volkswagen,,2016-03-28 00:00:00,0,77815,2016-04-07 07:16:47
279735,2016-04-05 12:57:00,Ford_Orion_Flair,privat,Angebot,500,test,limousine,1992,manuell,105,andere,100000,10,benzin,ford,ja,2016-04-05 00:00:00,0,53578,2016-04-05 12:57:00
196085,2016-03-25 21:44:55,Skoda_Fabia_COOL_EDITION_mit_Klimaanlage_8fach_bereift,privat,Angebot,5500,test,kleinwagen,2010,manuell,60,fabia,70000,11,benzin,skoda,nein,2016-03-25 00:00:00,0,28195,2016-03-27 09:44:24
199260,2016-03-31 21:54:19,Peugeot_106_XSi,privat,Angebot,950,test,kleinwagen,1996,manuell,103,1_reihe,150000,1,benzin,peugeot,nein,2016-03-31 00:00:00,0,65760,2016-04-01 11:48:51
105889,2016-03-16 18:55:26,Sehr_gepflegter_Audi_A3,privat,Angebot,6500,control,limousine,2008,manuell,105,a3,150000,4,diesel,audi,nein,2016-03-16 00:00:00,0,61273,2016-04-05 22:17:29
255485,2016-04-04 14:46:16,Chevrolet_Lacetti_1.6_Gas_SX,privat,Angebot,1450,test,limousine,2005,manuell,109,andere,150000,12,lpg,chevrolet,nein,2016-04-04 00:00:00,0,50739,2016-04-06 16:15:59
278593,2016-03-16 12:36:20,Schoener_Megane_voll_Fahrbereit_und_ohne_Rost,privat,Angebot,650,test,limousine,1998,manuell,75,megane,150000,6,benzin,renault,,2016-03-16 00:00:00,0,46047,2016-03-22 18:16:13
197787,2016-03-17 09:57:23,Sehr_schoener_und_gepflegter_VW_Golf_VI_TSI,privat,Angebot,8200,test,,2018,manuell,122,,125000,0,,volkswagen,,2016-03-17 00:00:00,0,26725,2016-03-22 17:46:32
242936,2016-03-28 11:38:14,Opel_Tigra_mit_97500_KM_und_TÜV_01/2018,privat,Angebot,1100,control,coupe,1996,manuell,90,tigra,100000,7,benzin,opel,ja,2016-03-28 00:00:00,0,42117,2016-04-06 13:17:30
77606,2016-03-16 07:56:51,Ford_Escort_Kombi_dunkelrot,privat,Angebot,100,control,kombi,1997,manuell,90,escort,150000,4,benzin,ford,,2016-03-16 00:00:00,0,31234,2016-03-20 06:44:36
136513,2016-03-15 23:57:25,BMW_M135i_Estoril_Blau_mit_1_Jahr_Garantie,privat,Angebot,29900,control,limousine,2013,automatik,319,1er,50000,3,benzin,bmw,nein,2016-03-15 00:00:00,0,99427,2016-03-17 05:45:16
65717,2016-03-21 19:54:46,Mercedes_Benz_C_200_CGI_Automatik_BlueEFFICIENCY_Avantgarde,privat,Angebot,16000,test,limousine,2010,automatik,184,c_klasse,100000,4,benzin,mercedes_benz,nein,2016-03-21 00:00:00,0,77770,2016-04-01 02:45:20
186112,2016-03-20 18:54:13,MINI_Mini_Cooper_S_Sport_Aut._JCW,privat,Angebot,29950,test,kleinwagen,2015,automatik,192,cooper,20000,7,benzin,mini,nein,2016-03-20 00:00:00,0,24558,2016-04-07 02:45:29
270021,2016-03-11 19:54:46,Kia_Carens_CRDI_EX_2_0_Diesel_mit_Filter,privat,Angebot,3900,test,bus,2006,manuell,113,andere,150000,11,diesel,kia,nein,2016-03-11 00:00:00,0,14558,2016-03-14 18:46:35
87410,2016-03-31 20:06:21,Biete_T3_VW_Bus_mit_Innenausbau__fuer_Liebhaber_und_Bastler.,privat,Angebot,1600,control,bus,1992,manuell,75,transporter,5000,0,diesel,volkswagen,,2016-03-31 00:00:00,0,57080,2016-04-06 13:44:42
336729,2016-04-01 12:50:20,530_D_M_Packet_Orginal_ab_werk,privat,Angebot,19999,test,limousine,2008,automatik,235,5er,150000,5,diesel,bmw,,2016-04-01 00:00:00,0,37431,2016-04-07 09:17:50
51615,2016-03-10 08:55:50,Opel_Astra__fahrbereit__TÜV_bis_Mai_2016__1_4_liter,privat,Angebot,300,test,kombi,1995,manuell,0,astra,125000,4,benzin,opel,nein,2016-03-10 00:00:00,0,44805,2016-03-12 21:44:24
349840,2016-03-26 16:55:25,Seat_Leon_1.8_20V,privat,Angebot,2500,control,limousine,2000,manuell,125,leon,150000,1,benzin,seat,nein,2016-03-26 00:00:00,0,59969,2016-04-06 05:17:46
48442,2016-04-03 19:48:46,Verkaufe_Ford_Galaxy,privat,Angebot,0,test,,2017,,0,galaxy,150000,0,,ford,,2016-04-03 00:00:00,0,67655,2016-04-05 20:45:01
320521,2016-03-26 13:39:29,Ford__focus,privat,Angebot,500,control,andere,1998,manuell,101,,150000,10,benzin,ford,ja,2016-03-26 00:00:00,0,71409,2016-03-26 13:39:29
92938,2016-03-12 18:56:18,BMW_525_D,privat,Angebot,3800,test,kombi,2002,manuell,163,5er,150000,3,diesel,bmw,nein,2016-03-12 00:00:00,0,84524,2016-04-07 12:47:02
217464,2016-03-29 17:39:16,BMW_316i,privat,Angebot,1299,control,kombi,1996,manuell,102,3er,150000,6,benzin,bmw,ja,2016-03-29 00:00:00,0,90599,2016-04-06 03:16:01
70112,2016-03-28 19:39:51,Citroën_C4_mit_grosser_Ausstattung,privat,Angebot,3100,control,limousine,2005,manuell,109,c4,125000,5,benzin,citroen,nein,2016-03-28 00:00:00,0,14513,2016-04-01 04:45:54
239155,2016-03-31 21:52:26,Seat_Leon_1.9_TDI_Sport,privat,Angebot,2800,test,limousine,2001,manuell,150,leon,150000,12,diesel,seat,nein,2016-03-31 00:00:00,0,1139,2016-03-31 22:41:59
137905,2016-03-11 17:41:48,A6_1.9TDI_130_PS_+_beige_Leder,privat,Angebot,2600,control,kombi,2004,manuell,131,a6,150000,10,diesel,audi,nein,2016-03-11 00:00:00,0,26670,2016-03-11 17:41:48
282995,2016-04-01 13:40:28,Kia_Picanto_1.1_Klima_40100Km,privat,Angebot,4500,test,kleinwagen,2010,manuell,65,picanto,50000,6,benzin,kia,nein,2016-04-01 00:00:00,0,71522,2016-04-07 10:15:54
219783,2016-03-24 17:54:59,Volkswagen_Tiguan_1.4_TSI_BlueMotion_Technology_Sport_&...,privat,Angebot,13900,control,suv,2012,manuell,160,tiguan,125000,8,benzin,volkswagen,nein,2016-03-24 00:00:00,0,90478,2016-04-07 11:16:18
250247,2016-03-08 03:58:10,Golf_3_Variant_1.8,privat,Angebot,1250,control,kombi,1996,manuell,75,golf,150000,0,benzin,volkswagen,nein,2016-03-08 00:00:00,0,1796,2016-03-28 03:17:20
19155,2016-03-09 13:56:53,cordoba_vario,privat,Angebot,650,control,kombi,1999,manuell,75,cordoba,150000,12,benzin,seat,ja,2016-03-09 00:00:00,0,24576,2016-04-06 08:17:52
25122,2016-03-23 17:39:16,520i_Top_Zustand_Original_132000_km_nachweisbar,privat,Angebot,3499,control,limousine,2001,,170,,150000,0,benzin,bmw,,2016-03-23 00:00:00,0,58791,2016-04-06 14:44:47
368667,2016-03-19 20:36:18,Peugeot_RCZ_1.6_200_THP,privat,Angebot,22989,control,coupe,2013,manuell,200,andere,30000,5,benzin,peugeot,nein,2016-03-19 00:00:00,0,55413,2016-04-06 07:45:50
11134,2016-04-03 18:47:53,BMW_116i_Aut.,privat,Angebot,13999,control,limousine,2010,automatik,122,1er,125000,8,benzin,bmw,nein,2016-04-03 00:00:00,0,14476,2016-04-05 19:18:23
185799,2016-03-07 21:39:35,Audi_A6_TDI_Quattro,privat,Angebot,14900,control,limousine,2007,manuell,0,a6,150000,12,diesel,audi,nein,2016-03-07 00:00:00,0,72224,2016-03-31 06:45:32
14155,2016-03-05 19:38:42,BMW_E39_528i_Touring_Karosserie,privat,Angebot,0,test,kombi,1997,automatik,193,5er,150000,8,benzin,bmw,nein,2016-03-05 00:00:00,0,12555,2016-03-15 21:16:02
208847,2016-03-28 23:53:45,Volkswagen_Polo_1.4_TDI_Goal,privat,Angebot,3000,test,,2017,manuell,69,polo,150000,9,,volkswagen,nein,2016-03-28 00:00:00,0,50733,2016-04-05 15:18:39
183178,2016-04-04 10:52:55,Volkswagen_Golf_1.9_TDI_United,privat,Angebot,6100,control,limousine,2008,manuell,105,golf,150000,1,diesel,volkswagen,nein,2016-04-04 00:00:00,0,86161,2016-04-06 11:46:38
117514,2016-03-24 15:58:20,VW_Polo_1.0l_zu_verkaufen,privat,Angebot,1199,test,kleinwagen,2000,manuell,50,polo,150000,3,benzin,volkswagen,,2016-03-24 00:00:00,0,16567,2016-04-03 08:15:57
317053,2016-03-24 16:55:13,Audi_A6_2_7_TDI,privat,Angebot,6500,control,limousine,2006,manuell,179,a6,150000,6,diesel,audi,nein,2016-03-24 00:00:00,0,30853,2016-03-26 01:48:51
241244,2016-03-25 15:37:41,Ford_Fiesta_1.4_TDCI_Trend,privat,Angebot,1100,test,kleinwagen,2003,manuell,68,fiesta,150000,10,diesel,ford,ja,2016-03-25 00:00:00,0,66802,2016-04-06 19:16:06
139780,2016-03-31 22:39:45,Mercedes_w210_E420_T_Kombi_TÜV_NEU_Advantgarde,privat,Angebot,2599,test,kombi,1996,automatik,279,e_klasse,150000,11,benzin,mercedes_benz,nein,2016-03-31 00:00:00,0,29664,2016-04-06 18:17:41
